"Trends","Search volume","Started","Ended","Trend breakdown","Explore link"
"бьянка цензори","20K+","February 3, 2025 at 6:00:00 AM UTC",,"бьянка цензори,бьянка,каньє вест жена,бьянка цензори фото,канье уэст,канье уэст и бьянка,греммі 2025,канье вест и бьянка,жена канье вест,жена канье уэста бьянка без,бьянка цензори грэмми 2025,грэмми 2025,бьянка цензори грэмми,кани вест жена,бьянка на греммі","https://trends.google.com/trends/explore?q=%D0%B1%D1%8C%D1%8F%D0%BD%D0%BA%D0%B0%20%D1%86%D0%B5%D0%BD%D0%B7%D0%BE%D1%80%D0%B8&geo=UA&hl=en"
"жирона – лас-пальмас","10K+","February 3, 2025 at 7:00:00 PM UTC",,"жирона – лас-пальмас,жирона,чемпионат испании","https://trends.google.com/trends/explore?q=%D0%B6%D0%B8%D1%80%D0%BE%D0%BD%D0%B0%20%E2%80%93%20%D0%BB%D0%B0%D1%81-%D0%BF%D0%B0%D0%BB%D1%8C%D0%BC%D0%B0%D1%81&geo=UA&hl=en"
"армен саркисян","10K+","February 3, 2025 at 7:50:00 AM UTC",,"армен саркисян,саркисян,армен саркисян днр,армен горловский,саркисян армен","https://trends.google.com/trends/explore?q=%D0%B0%D1%80%D0%BC%D0%B5%D0%BD%20%D1%81%D0%B0%D1%80%D0%BA%D0%B8%D1%81%D1%8F%D0%BD&geo=UA&hl=en"
"ізюм","2K+","February 4, 2025 at 10:00:00 AM UTC",,"ізюм,4 лютого","https://trends.google.com/trends/explore?q=%D1%96%D0%B7%D1%8E%D0%BC&geo=UA&hl=en"
"каньє вест","5K+","February 3, 2025 at 8:40:00 AM UTC",,"каньє вест,б'янка цензорі,каньє вест і б'янка цензорі","https://trends.google.com/trends/explore?q=%D0%BA%D0%B0%D0%BD%D1%8C%D1%94%20%D0%B2%D0%B5%D1%81%D1%82&geo=UA&hl=en"
"kingdom come deliverance 2","2K+","February 3, 2025 at 9:20:00 PM UTC",,"kingdom come deliverance 2,kingdom come: deliverance ii,kingdom come: deliverance 2","https://trends.google.com/trends/explore?q=kingdom%20come%20deliverance%202&geo=UA&hl=en"
"изюм","2K+","February 4, 2025 at 10:10:00 AM UTC",,"изюм","https://trends.google.com/trends/explore?q=%D0%B8%D0%B7%D1%8E%D0%BC&geo=UA&hl=en"
"первый отдел 4 сезон","1K+","February 3, 2025 at 5:00:00 PM UTC",,"первый отдел 4 сезон","https://trends.google.com/trends/explore?q=%D0%BF%D0%B5%D1%80%D0%B2%D1%8B%D0%B9%20%D0%BE%D1%82%D0%B4%D0%B5%D0%BB%204%20%D1%81%D0%B5%D0%B7%D0%BE%D0%BD&geo=UA&hl=en"
"bianca censori","10K+","February 3, 2025 at 4:50:00 AM UTC","February 4, 2025 at 4:30:00 PM UTC","bianca censori,kanye west,bianca censori grammy,kanye west grammy 2025,bianca censori grammy 2025,grammy","https://trends.google.com/trends/explore?q=bianca%20censori&geo=UA&hl=en"
"азаров","200+","February 4, 2025 at 4:30:00 PM UTC",,"азаров","https://trends.google.com/trends/explore?q=%D0%B0%D0%B7%D0%B0%D1%80%D0%BE%D0%B2&geo=UA&hl=en"
"яке церковне свято 4 лютого","500+","February 4, 2025 at 1:40:00 PM UTC",,"яке церковне свято 4 лютого,4 лютого свято","https://trends.google.com/trends/explore?q=%D1%8F%D0%BA%D0%B5%20%D1%86%D0%B5%D1%80%D0%BA%D0%BE%D0%B2%D0%BD%D0%B5%20%D1%81%D0%B2%D1%8F%D1%82%D0%BE%204%20%D0%BB%D1%8E%D1%82%D0%BE%D0%B3%D0%BE&geo=UA&hl=en"
"мари краймбрери","500+","February 4, 2025 at 8:30:00 AM UTC",,"мари краймбрери","https://trends.google.com/trends/explore?q=%D0%BC%D0%B0%D1%80%D0%B8%20%D0%BA%D1%80%D0%B0%D0%B9%D0%BC%D0%B1%D1%80%D0%B5%D1%80%D0%B8&geo=UA&hl=en"
"челсі – вест гем","5K+","February 3, 2025 at 7:00:00 PM UTC","February 4, 2025 at 10:10:00 AM UTC","челсі – вест гем,челсі","https://trends.google.com/trends/explore?q=%D1%87%D0%B5%D0%BB%D1%81%D1%96%20%E2%80%93%20%D0%B2%D0%B5%D1%81%D1%82%20%D0%B3%D0%B5%D0%BC&geo=UA&hl=en"
"аль-наср – аль-васл","5K+","February 3, 2025 at 5:00:00 PM UTC","February 4, 2025 at 9:50:00 AM UTC","аль-наср – аль-васл","https://trends.google.com/trends/explore?q=%D0%B0%D0%BB%D1%8C-%D0%BD%D0%B0%D1%81%D1%80%20%E2%80%93%20%D0%B0%D0%BB%D1%8C-%D0%B2%D0%B0%D1%81%D0%BB&geo=UA&hl=en"
"мизулина","5K+","February 3, 2025 at 1:20:00 PM UTC","February 4, 2025 at 5:00:00 PM UTC","мизулина,шаман","https://trends.google.com/trends/explore?q=%D0%BC%D0%B8%D0%B7%D1%83%D0%BB%D0%B8%D0%BD%D0%B0&geo=UA&hl=en"
"нафтогаз","20K+","January 31, 2025 at 4:40:00 AM UTC","February 3, 2025 at 10:30:00 AM UTC","нафтогаз","https://trends.google.com/trends/explore?q=%D0%BD%D0%B0%D1%84%D1%82%D0%BE%D0%B3%D0%B0%D0%B7&geo=UA&hl=en"
"челси – вест хэм юнайтед","5K+","February 3, 2025 at 7:00:00 PM UTC","February 4, 2025 at 8:40:00 AM UTC","челси – вест хэм юнайтед","https://trends.google.com/trends/explore?q=%D1%87%D0%B5%D0%BB%D1%81%D0%B8%20%E2%80%93%20%D0%B2%D0%B5%D1%81%D1%82%20%D1%85%D1%8D%D0%BC%20%D1%8E%D0%BD%D0%B0%D0%B9%D1%82%D0%B5%D0%B4&geo=UA&hl=en"
"defense express","200+","February 4, 2025 at 3:50:00 PM UTC","February 4, 2025 at 5:00:00 PM UTC","defense express","https://trends.google.com/trends/explore?q=defense%20express&geo=UA&hl=en"
"usaid","10K+","February 2, 2025 at 6:30:00 AM UTC","February 4, 2025 at 7:30:00 AM UTC","usaid","https://trends.google.com/trends/explore?q=usaid&geo=UA&hl=en"
"стрітення 2025","20K+","February 1, 2025 at 5:40:00 AM UTC","February 3, 2025 at 6:10:00 AM UTC","стрітення 2025,стрітення господнє,2 лютого свято,яке сьогодні свято,стрітення 2025 за новим календарем,стрітення господнє 2025,свято сьогодні,2 лютого свято 2025,привітання з стрітенням господнім,свято стрітення,свято 2 лютого 2025,яке сьогодні церковне свято,яке свято 2 лютого,свято стрітення господнє,вітання з стрітенням господнім,привітання зі стрітенням,який сьогодні празник,вітання зі стрітенням господнім,зі святом стрітення,свято 2 лютого","https://trends.google.com/trends/explore?q=%D1%81%D1%82%D1%80%D1%96%D1%82%D0%B5%D0%BD%D0%BD%D1%8F%202025&geo=UA&hl=en"
"підстанція київська","2K+","February 4, 2025 at 7:00:00 AM UTC","February 4, 2025 at 5:00:00 PM UTC","підстанція київська","https://trends.google.com/trends/explore?q=%D0%BF%D1%96%D0%B4%D1%81%D1%82%D0%B0%D0%BD%D1%86%D1%96%D1%8F%20%D0%BA%D0%B8%D1%97%D0%B2%D1%81%D1%8C%D0%BA%D0%B0&geo=UA&hl=en"
"барселона – алавес","10K+","February 2, 2025 at 12:00:00 PM UTC","February 3, 2025 at 8:40:00 AM UTC","барселона – алавес,ла ліга,ла-ліга,чемпіонат іспанії","https://trends.google.com/trends/explore?q=%D0%B1%D0%B0%D1%80%D1%81%D0%B5%D0%BB%D0%BE%D0%BD%D0%B0%20%E2%80%93%20%D0%B0%D0%BB%D0%B0%D0%B2%D0%B5%D1%81&geo=UA&hl=en"
"рома – наполі","10K+","February 2, 2025 at 6:50:00 PM UTC","February 3, 2025 at 10:20:00 AM UTC","рома – наполі,серія а","https://trends.google.com/trends/explore?q=%D1%80%D0%BE%D0%BC%D0%B0%20%E2%80%93%20%D0%BD%D0%B0%D0%BF%D0%BE%D0%BB%D1%96&geo=UA&hl=en"
"арсенал – манчестер сіті","10K+","February 2, 2025 at 3:30:00 PM UTC","February 3, 2025 at 8:10:00 AM UTC","арсенал – манчестер сіті,прем'єр-ліга англії","https://trends.google.com/trends/explore?q=%D0%B0%D1%80%D1%81%D0%B5%D0%BD%D0%B0%D0%BB%20%E2%80%93%20%D0%BC%D0%B0%D0%BD%D1%87%D0%B5%D1%81%D1%82%D0%B5%D1%80%20%D1%81%D1%96%D1%82%D1%96&geo=UA&hl=en"
"бристоль одесса","20K+","January 31, 2025 at 5:40:00 PM UTC","February 2, 2025 at 5:40:00 AM UTC","бристоль одесса,отель бристоль одесса,бристоль,отель бристоль,бристоль одеса,брістоль одеса,одесса бристоль,одесса,новости одессы,гостиница бристоль,одесса новости,думская,думская нет","https://trends.google.com/trends/explore?q=%D0%B1%D1%80%D0%B8%D1%81%D1%82%D0%BE%D0%BB%D1%8C%20%D0%BE%D0%B4%D0%B5%D1%81%D1%81%D0%B0&geo=UA&hl=en"
"grammy 2025","2K+","February 2, 2025 at 9:10:00 PM UTC","February 4, 2025 at 8:50:00 AM UTC","grammy 2025","https://trends.google.com/trends/explore?q=grammy%202025&geo=UA&hl=en"
"арсенал – манчестер сити","10K+","February 2, 2025 at 3:30:00 PM UTC","February 3, 2025 at 7:50:00 AM UTC","арсенал – манчестер сити,арсенал,арсенал манчестер сити,английская премьер-лига,арсенал ман сити","https://trends.google.com/trends/explore?q=%D0%B0%D1%80%D1%81%D0%B5%D0%BD%D0%B0%D0%BB%20%E2%80%93%20%D0%BC%D0%B0%D0%BD%D1%87%D0%B5%D1%81%D1%82%D0%B5%D1%80%20%D1%81%D0%B8%D1%82%D0%B8&geo=UA&hl=en"
"полтава","10K+","February 1, 2025 at 5:00:00 AM UTC","February 3, 2025 at 8:10:00 AM UTC","полтава,полтава новости,ракета х22,новости полтавы","https://trends.google.com/trends/explore?q=%D0%BF%D0%BE%D0%BB%D1%82%D0%B0%D0%B2%D0%B0&geo=UA&hl=en"
"рома – наполи","5K+","February 2, 2025 at 6:50:00 PM UTC","February 3, 2025 at 1:30:00 PM UTC","рома – наполи,рома наполі,рома наполи,рома,наполи,серия а,чемпионат италии","https://trends.google.com/trends/explore?q=%D1%80%D0%BE%D0%BC%D0%B0%20%E2%80%93%20%D0%BD%D0%B0%D0%BF%D0%BE%D0%BB%D0%B8&geo=UA&hl=en"
"еспаньйол – реал мадрид","10K+","February 1, 2025 at 7:00:00 PM UTC","February 2, 2025 at 1:40:00 PM UTC","еспаньйол – реал мадрид","https://trends.google.com/trends/explore?q=%D0%B5%D1%81%D0%BF%D0%B0%D0%BD%D1%8C%D0%B9%D0%BE%D0%BB%20%E2%80%93%20%D1%80%D0%B5%D0%B0%D0%BB%20%D0%BC%D0%B0%D0%B4%D1%80%D0%B8%D0%B4&geo=UA&hl=en"
"динамо київ – рфш","20K+","January 30, 2025 at 6:00:00 PM UTC","January 31, 2025 at 4:20:00 PM UTC","динамо київ – рфш,ліга європи,динамо рфш,ліга чемпіонів,рфш,футбол 24","https://trends.google.com/trends/explore?q=%D0%B4%D0%B8%D0%BD%D0%B0%D0%BC%D0%BE%20%D0%BA%D0%B8%D1%97%D0%B2%20%E2%80%93%20%D1%80%D1%84%D1%88&geo=UA&hl=en"
"суджа","10K+","February 1, 2025 at 6:10:00 PM UTC","February 2, 2025 at 9:10:00 PM UTC","суджа,суджи,суджа новости","https://trends.google.com/trends/explore?q=%D1%81%D1%83%D0%B4%D0%B6%D0%B0&geo=UA&hl=en"
"ігор пелих","1K+","February 3, 2025 at 7:30:00 PM UTC","February 4, 2025 at 12:30:00 PM UTC","ігор пелих","https://trends.google.com/trends/explore?q=%D1%96%D0%B3%D0%BE%D1%80%20%D0%BF%D0%B5%D0%BB%D0%B8%D1%85&geo=UA&hl=en"
"кальярі – лаціо","1K+","February 3, 2025 at 7:30:00 PM UTC","February 4, 2025 at 6:50:00 AM UTC","кальярі – лаціо,кальяри – лацио","https://trends.google.com/trends/explore?q=%D0%BA%D0%B0%D0%BB%D1%8C%D1%8F%D1%80%D1%96%20%E2%80%93%20%D0%BB%D0%B0%D1%86%D1%96%D0%BE&geo=UA&hl=en"
"скрябін","5K+","February 1, 2025 at 10:40:00 PM UTC","February 3, 2025 at 8:50:00 AM UTC","скрябін,кузьма","https://trends.google.com/trends/explore?q=%D1%81%D0%BA%D1%80%D1%8F%D0%B1%D1%96%D0%BD&geo=UA&hl=en"
"эспаньол – реал мадрид","10K+","February 1, 2025 at 7:00:00 PM UTC","February 2, 2025 at 12:20:00 PM UTC","эспаньол – реал мадрид,реал мадрид","https://trends.google.com/trends/explore?q=%D1%8D%D1%81%D0%BF%D0%B0%D0%BD%D1%8C%D0%BE%D0%BB%20%E2%80%93%20%D1%80%D0%B5%D0%B0%D0%BB%20%D0%BC%D0%B0%D0%B4%D1%80%D0%B8%D0%B4&geo=UA&hl=en"
"мудрик","5K+","January 31, 2025 at 12:30:00 PM UTC","February 3, 2025 at 2:50:00 AM UTC","мудрик","https://trends.google.com/trends/explore?q=%D0%BC%D1%83%D0%B4%D1%80%D0%B8%D0%BA&geo=UA&hl=en"
"валерий хаит","2K+","February 1, 2025 at 9:10:00 PM UTC","February 3, 2025 at 7:20:00 AM UTC","валерий хаит,хаит","https://trends.google.com/trends/explore?q=%D0%B2%D0%B0%D0%BB%D0%B5%D1%80%D0%B8%D0%B9%20%D1%85%D0%B0%D0%B8%D1%82&geo=UA&hl=en"
"балабан","500+","February 4, 2025 at 10:40:00 AM UTC","February 4, 2025 at 12:40:00 PM UTC","балабан","https://trends.google.com/trends/explore?q=%D0%B1%D0%B0%D0%BB%D0%B0%D0%B1%D0%B0%D0%BD&geo=UA&hl=en"
"газіантеп – галатасарай","2K+","February 3, 2025 at 4:10:00 PM UTC","February 4, 2025 at 5:40:00 AM UTC","газіантеп – галатасарай,газиантеп – галатасарай","https://trends.google.com/trends/explore?q=%D0%B3%D0%B0%D0%B7%D1%96%D0%B0%D0%BD%D1%82%D0%B5%D0%BF%20%E2%80%93%20%D0%B3%D0%B0%D0%BB%D0%B0%D1%82%D0%B0%D1%81%D0%B0%D1%80%D0%B0%D0%B9&geo=UA&hl=en"
"мілан – інтер","5K+","February 2, 2025 at 4:10:00 PM UTC","February 3, 2025 at 7:10:00 AM UTC","мілан – інтер,мілан інтер","https://trends.google.com/trends/explore?q=%D0%BC%D1%96%D0%BB%D0%B0%D0%BD%20%E2%80%93%20%D1%96%D0%BD%D1%82%D0%B5%D1%80&geo=UA&hl=en"
"погода завтра","100K+","February 2, 2025 at 6:50:00 PM UTC","February 2, 2025 at 8:40:00 PM UTC","погода завтра,погода днепр,прогноз погоды,погода на месяц,погода синоптик,sinoptik,синоптик одесса","https://trends.google.com/trends/explore?q=%D0%BF%D0%BE%D0%B3%D0%BE%D0%B4%D0%B0%20%D0%B7%D0%B0%D0%B2%D1%82%D1%80%D0%B0&geo=UA&hl=en"
"олександр балабан","500+","February 4, 2025 at 12:10:00 AM UTC","February 4, 2025 at 4:30:00 PM UTC","олександр балабан,балабан олександр","https://trends.google.com/trends/explore?q=%D0%BE%D0%BB%D0%B5%D0%BA%D1%81%D0%B0%D0%BD%D0%B4%D1%80%20%D0%B1%D0%B0%D0%BB%D0%B0%D0%B1%D0%B0%D0%BD&geo=UA&hl=en"
"брест – псж","5K+","February 1, 2025 at 3:10:00 PM UTC","February 2, 2025 at 11:20:00 AM UTC","брест – псж","https://trends.google.com/trends/explore?q=%D0%B1%D1%80%D0%B5%D1%81%D1%82%20%E2%80%93%20%D0%BF%D1%81%D0%B6&geo=UA&hl=en"
"редкоземельные металлы","1K+","February 3, 2025 at 7:10:00 PM UTC","February 4, 2025 at 5:00:00 PM UTC","редкоземельные металлы,редкоземельные металлы в украине,новости украина,к","https://trends.google.com/trends/explore?q=%D1%80%D0%B5%D0%B4%D0%BA%D0%BE%D0%B7%D0%B5%D0%BC%D0%B5%D0%BB%D1%8C%D0%BD%D1%8B%D0%B5%20%D0%BC%D0%B5%D1%82%D0%B0%D0%BB%D0%BB%D1%8B&geo=UA&hl=en"
"ештрела амадора – бенфіка","2K+","February 2, 2025 at 8:10:00 PM UTC","February 3, 2025 at 7:50:00 AM UTC","ештрела амадора – бенфіка,эштрела – бенфика","https://trends.google.com/trends/explore?q=%D0%B5%D1%88%D1%82%D1%80%D0%B5%D0%BB%D0%B0%20%D0%B0%D0%BC%D0%B0%D0%B4%D0%BE%D1%80%D0%B0%20%E2%80%93%20%D0%B1%D0%B5%D0%BD%D1%84%D1%96%D0%BA%D0%B0&geo=UA&hl=en"
"30 січня свято","20K+","January 29, 2025 at 5:10:00 AM UTC","January 30, 2025 at 5:20:00 PM UTC","30 січня свято,яке церковне свято 30 січня,трьох святих 2025,яке сьогодні свято,трьох святих,свято трьох святих,свято 30 січня 2025 року,церковне свято 30 січня,яке свято 30 січня,свято 30 січня,яке сьогодні церковне свято,свято сьогодні,30 січня,30 січня яке церковне свято,свято трьох святих 2025,яке свято 30 січня 2025,30 січня 2025,30 січня 2025 свято,30 січня церковне свято,30 січня яке свято,яке сьогодні свято церковне","https://trends.google.com/trends/explore?q=30%20%D1%81%D1%96%D1%87%D0%BD%D1%8F%20%D1%81%D0%B2%D1%8F%D1%82%D0%BE&geo=UA&hl=en"
"боруссія д – шахтар","20K+","January 29, 2025 at 7:00:00 PM UTC","January 30, 2025 at 6:10:00 PM UTC","боруссія д – шахтар,шахтар боруссія,футбол,боруссія дортмунд – шахтар,ліга чемпіонів ігри,sofascore,борусія шахтар,шахтар борусія,шахтар боруссія д,футбол ліга чемпіонів,боруссія дортмунд,боруссія","https://trends.google.com/trends/explore?q=%D0%B1%D0%BE%D1%80%D1%83%D1%81%D1%81%D1%96%D1%8F%20%D0%B4%20%E2%80%93%20%D1%88%D0%B0%D1%85%D1%82%D0%B0%D1%80&geo=UA&hl=en"
"сретение господне","5K+","February 2, 2025 at 2:50:00 AM UTC","February 3, 2025 at 6:40:00 AM UTC","сретение господне,сретение господне 2025,сретение 2025,какой сегодня церковный праздник,2 февраля праздник,какой сегодня праздник","https://trends.google.com/trends/explore?q=%D1%81%D1%80%D0%B5%D1%82%D0%B5%D0%BD%D0%B8%D0%B5%20%D0%B3%D0%BE%D1%81%D0%BF%D0%BE%D0%B4%D0%BD%D0%B5&geo=UA&hl=en"
"динамо киев – рфш","20K+","January 30, 2025 at 7:00:00 PM UTC","January 31, 2025 at 8:50:00 PM UTC","динамо киев – рфш,лига европы,ле,динамо киев","https://trends.google.com/trends/explore?q=%D0%B4%D0%B8%D0%BD%D0%B0%D0%BC%D0%BE%20%D0%BA%D0%B8%D0%B5%D0%B2%20%E2%80%93%20%D1%80%D1%84%D1%88&geo=UA&hl=en"
"реал бетіс – атлетік","2K+","February 2, 2025 at 7:20:00 PM UTC","February 3, 2025 at 7:50:00 AM UTC","реал бетіс – атлетік,реал бетис – атлетик,бетис,реал бетис","https://trends.google.com/trends/explore?q=%D1%80%D0%B5%D0%B0%D0%BB%20%D0%B1%D0%B5%D1%82%D1%96%D1%81%20%E2%80%93%20%D0%B0%D1%82%D0%BB%D0%B5%D1%82%D1%96%D0%BA&geo=UA&hl=en"
"барселона – аталанта","10K+","January 29, 2025 at 7:00:00 PM UTC","January 30, 2025 at 5:40:00 PM UTC","барселона – аталанта","https://trends.google.com/trends/explore?q=%D0%B1%D0%B0%D1%80%D1%81%D0%B5%D0%BB%D0%BE%D0%BD%D0%B0%20%E2%80%93%20%D0%B0%D1%82%D0%B0%D0%BB%D0%B0%D0%BD%D1%82%D0%B0&geo=UA&hl=en"
"манчестер юнайтед – кристал пэлас","5K+","February 2, 2025 at 1:10:00 PM UTC","February 3, 2025 at 6:00:00 AM UTC","манчестер юнайтед – кристал пэлас,мю – крістал пелес","https://trends.google.com/trends/explore?q=%D0%BC%D0%B0%D0%BD%D1%87%D0%B5%D1%81%D1%82%D0%B5%D1%80%20%D1%8E%D0%BD%D0%B0%D0%B9%D1%82%D0%B5%D0%B4%20%E2%80%93%20%D0%BA%D1%80%D0%B8%D1%81%D1%82%D0%B0%D0%BB%20%D0%BF%D1%8D%D0%BB%D0%B0%D1%81&geo=UA&hl=en"
"борнмут – ліверпуль","5K+","February 1, 2025 at 2:00:00 PM UTC","February 2, 2025 at 8:20:00 AM UTC","борнмут – ліверпуль,прем'єр-ліга англії","https://trends.google.com/trends/explore?q=%D0%B1%D0%BE%D1%80%D0%BD%D0%BC%D1%83%D1%82%20%E2%80%93%20%D0%BB%D1%96%D0%B2%D0%B5%D1%80%D0%BF%D1%83%D0%BB%D1%8C&geo=UA&hl=en"
"рома – айнтрахт","10K+","January 30, 2025 at 7:00:00 PM UTC","January 31, 2025 at 11:50:00 AM UTC","рома – айнтрахт","https://trends.google.com/trends/explore?q=%D1%80%D0%BE%D0%BC%D0%B0%20%E2%80%93%20%D0%B0%D0%B9%D0%BD%D1%82%D1%80%D0%B0%D1%85%D1%82&geo=UA&hl=en"
"армен саркісян","2K+","February 3, 2025 at 8:20:00 AM UTC","February 4, 2025 at 6:30:00 AM UTC","армен саркісян,саркісян,саркісян армен","https://trends.google.com/trends/explore?q=%D0%B0%D1%80%D0%BC%D0%B5%D0%BD%20%D1%81%D0%B0%D1%80%D0%BA%D1%96%D1%81%D1%8F%D0%BD&geo=UA&hl=en"
"831 бригада тактичної авіації","2K+","February 3, 2025 at 11:50:00 AM UTC","February 3, 2025 at 4:20:00 PM UTC","831 бригада тактичної авіації,іван болотов","https://trends.google.com/trends/explore?q=831%20%D0%B1%D1%80%D0%B8%D0%B3%D0%B0%D0%B4%D0%B0%20%D1%82%D0%B0%D0%BA%D1%82%D0%B8%D1%87%D0%BD%D0%BE%D1%97%20%D0%B0%D0%B2%D1%96%D0%B0%D1%86%D1%96%D1%97&geo=UA&hl=en"
"подслушано в рыбинске","2K+","January 30, 2025 at 5:50:00 PM UTC","February 2, 2025 at 10:20:00 PM UTC","подслушано в рыбинске","https://trends.google.com/trends/explore?q=%D0%BF%D0%BE%D0%B4%D1%81%D0%BB%D1%83%D1%88%D0%B0%D0%BD%D0%BE%20%D0%B2%20%D1%80%D1%8B%D0%B1%D0%B8%D0%BD%D1%81%D0%BA%D0%B5&geo=UA&hl=en"
"боруссия – шахтёр донецк","20K+","January 29, 2025 at 7:00:00 PM UTC","January 30, 2025 at 9:20:00 AM UTC","боруссия – шахтёр донецк,лч,лига чемпионов,шахтер боруссия,боруссия шахтер,шахтер,шахтёр донецк,лига чемпионов турнирная таблица,лига чемпионов уефа турнирная таблица,боруссия,футбол сегодня,лига чемпионов игры,шахтер боруссия дортмунд,боруссия шахтер смотреть онлайн","https://trends.google.com/trends/explore?q=%D0%B1%D0%BE%D1%80%D1%83%D1%81%D1%81%D0%B8%D1%8F%20%E2%80%93%20%D1%88%D0%B0%D1%85%D1%82%D1%91%D1%80%20%D0%B4%D0%BE%D0%BD%D0%B5%D1%86%D0%BA&geo=UA&hl=en"
"брест – реал мадрид","20K+","January 29, 2025 at 7:00:00 PM UTC","January 30, 2025 at 11:40:00 AM UTC","брест – реал мадрид,реал мадрид,реал брест,реал,брест реал мадрид,реал мадрид брест,брест реал","https://trends.google.com/trends/explore?q=%D0%B1%D1%80%D0%B5%D1%81%D1%82%20%E2%80%93%20%D1%80%D0%B5%D0%B0%D0%BB%20%D0%BC%D0%B0%D0%B4%D1%80%D0%B8%D0%B4&geo=UA&hl=en"
"милан – интер","2K+","February 2, 2025 at 4:10:00 PM UTC","February 3, 2025 at 6:20:00 AM UTC","милан – интер,милан интер","https://trends.google.com/trends/explore?q=%D0%BC%D0%B8%D0%BB%D0%B0%D0%BD%20%E2%80%93%20%D0%B8%D0%BD%D1%82%D0%B5%D1%80&geo=UA&hl=en"
"черкаси вибухи","500+","February 4, 2025 at 10:40:00 AM UTC","February 4, 2025 at 12:10:00 PM UTC","черкаси вибухи,новини черкаси,черкаси","https://trends.google.com/trends/explore?q=%D1%87%D0%B5%D1%80%D0%BA%D0%B0%D1%81%D0%B8%20%D0%B2%D0%B8%D0%B1%D1%83%D1%85%D0%B8&geo=UA&hl=en"
"уфас","200+","February 4, 2025 at 12:40:00 PM UTC","February 4, 2025 at 1:50:00 PM UTC","уфас","https://trends.google.com/trends/explore?q=%D1%83%D1%84%D0%B0%D1%81&geo=UA&hl=en"
"атлетіко мадрид – мальорка","5K+","February 1, 2025 at 4:40:00 PM UTC","February 2, 2025 at 8:00:00 AM UTC","атлетіко мадрид – мальорка,атлетико мадрид – мальорка,атлетико мадрид","https://trends.google.com/trends/explore?q=%D0%B0%D1%82%D0%BB%D0%B5%D1%82%D1%96%D0%BA%D0%BE%20%D0%BC%D0%B0%D0%B4%D1%80%D0%B8%D0%B4%20%E2%80%93%20%D0%BC%D0%B0%D0%BB%D1%8C%D0%BE%D1%80%D0%BA%D0%B0&geo=UA&hl=en"
"ryanair","200+","February 4, 2025 at 10:50:00 AM UTC","February 4, 2025 at 12:20:00 PM UTC","ryanair","https://trends.google.com/trends/explore?q=ryanair&geo=UA&hl=en"
"канада","2K+","February 2, 2025 at 2:00:00 PM UTC","February 3, 2025 at 11:10:00 PM UTC","канада,время","https://trends.google.com/trends/explore?q=%D0%BA%D0%B0%D0%BD%D0%B0%D0%B4%D0%B0&geo=UA&hl=en"
"день сурка","1K+","February 2, 2025 at 6:10:00 AM UTC","February 3, 2025 at 7:00:00 AM UTC","день сурка","https://trends.google.com/trends/explore?q=%D0%B4%D0%B5%D0%BD%D1%8C%20%D1%81%D1%83%D1%80%D0%BA%D0%B0&geo=UA&hl=en"
"бущан","5K+","January 29, 2025 at 5:20:00 PM UTC","January 31, 2025 at 7:40:00 AM UTC","бущан,аль шабаб,георгій бущан","https://trends.google.com/trends/explore?q=%D0%B1%D1%83%D1%89%D0%B0%D0%BD&geo=UA&hl=en"
"антон спіцин","500+","February 3, 2025 at 3:10:00 PM UTC","February 4, 2025 at 7:20:00 AM UTC","антон спіцин","https://trends.google.com/trends/explore?q=%D0%B0%D0%BD%D1%82%D0%BE%D0%BD%20%D1%81%D0%BF%D1%96%D1%86%D0%B8%D0%BD&geo=UA&hl=en"
"жирона – арсенал","10K+","January 29, 2025 at 7:10:00 PM UTC","January 30, 2025 at 11:40:00 AM UTC","жирона – арсенал,арсенал,жирона,жирона арсенал","https://trends.google.com/trends/explore?q=%D0%B6%D0%B8%D1%80%D0%BE%D0%BD%D0%B0%20%E2%80%93%20%D0%B0%D1%80%D1%81%D0%B5%D0%BD%D0%B0%D0%BB&geo=UA&hl=en"
"волгоград","2K+","February 2, 2025 at 11:00:00 PM UTC","February 3, 2025 at 7:40:00 AM UTC","волгоград,астрахань","https://trends.google.com/trends/explore?q=%D0%B2%D0%BE%D0%BB%D0%B3%D0%BE%D0%B3%D1%80%D0%B0%D0%B4&geo=UA&hl=en"
"iem katowice 2025","1K+","February 3, 2025 at 6:30:00 PM UTC","February 4, 2025 at 1:50:00 AM UTC","iem katowice 2025","https://trends.google.com/trends/explore?q=iem%20katowice%202025&geo=UA&hl=en"
"степаненко","5K+","January 29, 2025 at 9:40:00 PM UTC","January 31, 2025 at 7:50:00 PM UTC","степаненко,шахтар,тарас степаненко,еюпспор","https://trends.google.com/trends/explore?q=%D1%81%D1%82%D0%B5%D0%BF%D0%B0%D0%BD%D0%B5%D0%BD%D0%BA%D0%BE&geo=UA&hl=en"
"сап","2K+","February 2, 2025 at 8:00:00 AM UTC","February 3, 2025 at 6:10:00 AM UTC","сап","https://trends.google.com/trends/explore?q=%D1%81%D0%B0%D0%BF&geo=UA&hl=en"
"день бабака","2K+","February 2, 2025 at 5:30:00 AM UTC","February 2, 2025 at 11:00:00 PM UTC","день бабака,бабак,бабак тимко,харківський бабак тимко","https://trends.google.com/trends/explore?q=%D0%B4%D0%B5%D0%BD%D1%8C%20%D0%B1%D0%B0%D0%B1%D0%B0%D0%BA%D0%B0&geo=UA&hl=en"
"ліга чемпіонів уєфа","10K+","January 29, 2025 at 3:00:00 AM UTC","January 30, 2025 at 8:20:00 AM UTC","ліга чемпіонів уєфа,ліга чемпіонів турнірна таблиця,жеребкування ліги чемпіонів,таблиця ліги чемпіонів,турнірна таблиця ліги чемпіонів,жеребкування ліги чемпіонів 2025,футбол 24","https://trends.google.com/trends/explore?q=%D0%BB%D1%96%D0%B3%D0%B0%20%D1%87%D0%B5%D0%BC%D0%BF%D1%96%D0%BE%D0%BD%D1%96%D0%B2%20%D1%83%D1%94%D1%84%D0%B0&geo=UA&hl=en"
"шара буллет","2K+","February 1, 2025 at 12:50:00 AM UTC","February 2, 2025 at 11:30:00 AM UTC","шара буллет,майкл пейдж,шара буллет майкл пейдж,майкл пэйдж","https://trends.google.com/trends/explore?q=%D1%88%D0%B0%D1%80%D0%B0%20%D0%B1%D1%83%D0%BB%D0%BB%D0%B5%D1%82&geo=UA&hl=en"
"rtx 5080","2K+","January 30, 2025 at 2:20:00 PM UTC","February 1, 2025 at 11:50:00 AM UTC","rtx 5080","https://trends.google.com/trends/explore?q=rtx%205080&geo=UA&hl=en"
"фксб – мю","5K+","January 30, 2025 at 7:00:00 PM UTC","January 31, 2025 at 12:00:00 PM UTC","фксб – мю,фксб – манчестер юнайтед","https://trends.google.com/trends/explore?q=%D1%84%D0%BA%D1%81%D0%B1%20%E2%80%93%20%D0%BC%D1%8E&geo=UA&hl=en"
"ювентус – емполі","2K+","February 2, 2025 at 10:50:00 AM UTC","February 2, 2025 at 4:30:00 PM UTC","ювентус – емполі","https://trends.google.com/trends/explore?q=%D1%8E%D0%B2%D0%B5%D0%BD%D1%82%D1%83%D1%81%20%E2%80%93%20%D0%B5%D0%BC%D0%BF%D0%BE%D0%BB%D1%96&geo=UA&hl=en"
"санторини","200+","February 3, 2025 at 10:40:00 PM UTC","February 4, 2025 at 4:00:00 PM UTC","санторини","https://trends.google.com/trends/explore?q=%D1%81%D0%B0%D0%BD%D1%82%D0%BE%D1%80%D0%B8%D0%BD%D0%B8&geo=UA&hl=en"
"евгения шишкова","5K+","January 30, 2025 at 8:20:00 AM UTC","January 31, 2025 at 3:10:00 PM UTC","евгения шишкова,шишкова наумов,евгения шишкова и вадим наумов,шишкова и наумов,вадим наумов","https://trends.google.com/trends/explore?q=%D0%B5%D0%B2%D0%B3%D0%B5%D0%BD%D0%B8%D1%8F%20%D1%88%D0%B8%D1%88%D0%BA%D0%BE%D0%B2%D0%B0&geo=UA&hl=en"
"подстанция киевская","100+","February 4, 2025 at 3:00:00 PM UTC","February 4, 2025 at 3:40:00 PM UTC","подстанция киевская","https://trends.google.com/trends/explore?q=%D0%BF%D0%BE%D0%B4%D1%81%D1%82%D0%B0%D0%BD%D1%86%D0%B8%D1%8F%20%D0%BA%D0%B8%D0%B5%D0%B2%D1%81%D0%BA%D0%B0%D1%8F&geo=UA&hl=en"
"аталанта – торіно","2K+","February 1, 2025 at 4:20:00 PM UTC","February 2, 2025 at 7:00:00 AM UTC","аталанта – торіно,аталанта – торино","https://trends.google.com/trends/explore?q=%D0%B0%D1%82%D0%B0%D0%BB%D0%B0%D0%BD%D1%82%D0%B0%20%E2%80%93%20%D1%82%D0%BE%D1%80%D1%96%D0%BD%D0%BE&geo=UA&hl=en"
"форест – брайтон","5K+","February 1, 2025 at 11:40:00 AM UTC","February 1, 2025 at 5:50:00 PM UTC","форест – брайтон,ноттингем форест","https://trends.google.com/trends/explore?q=%D1%84%D0%BE%D1%80%D0%B5%D1%81%D1%82%20%E2%80%93%20%D0%B1%D1%80%D0%B0%D0%B9%D1%82%D0%BE%D0%BD&geo=UA&hl=en"
"брентфорд – тоттенгем","2K+","February 2, 2025 at 1:10:00 PM UTC","February 3, 2025 at 5:50:00 AM UTC","брентфорд – тоттенгем","https://trends.google.com/trends/explore?q=%D0%B1%D1%80%D0%B5%D0%BD%D1%82%D1%84%D0%BE%D1%80%D0%B4%20%E2%80%93%20%D1%82%D0%BE%D1%82%D1%82%D0%B5%D0%BD%D0%B3%D0%B5%D0%BC&geo=UA&hl=en"
"порошенко","2K+","January 30, 2025 at 5:50:00 PM UTC","February 1, 2025 at 1:40:00 PM UTC","порошенко,богдан яременко","https://trends.google.com/trends/explore?q=%D0%BF%D0%BE%D1%80%D0%BE%D1%88%D0%B5%D0%BD%D0%BA%D0%BE&geo=UA&hl=en"
"евертон – лестер сіті","2K+","February 1, 2025 at 2:10:00 PM UTC","February 2, 2025 at 6:00:00 AM UTC","евертон – лестер сіті,евертон","https://trends.google.com/trends/explore?q=%D0%B5%D0%B2%D0%B5%D1%80%D1%82%D0%BE%D0%BD%20%E2%80%93%20%D0%BB%D0%B5%D1%81%D1%82%D0%B5%D1%80%20%D1%81%D1%96%D1%82%D1%96&geo=UA&hl=en"
"болонья – комо","2K+","February 1, 2025 at 7:00:00 PM UTC","February 2, 2025 at 8:10:00 AM UTC","болонья – комо,эвертон – лестер сити","https://trends.google.com/trends/explore?q=%D0%B1%D0%BE%D0%BB%D0%BE%D0%BD%D1%8C%D1%8F%20%E2%80%93%20%D0%BA%D0%BE%D0%BC%D0%BE&geo=UA&hl=en"
"рома – айнтрахт франкфурт","5K+","January 30, 2025 at 7:10:00 PM UTC","January 31, 2025 at 8:20:00 AM UTC","рома – айнтрахт франкфурт,рома,рома айнтрахт","https://trends.google.com/trends/explore?q=%D1%80%D0%BE%D0%BC%D0%B0%20%E2%80%93%20%D0%B0%D0%B9%D0%BD%D1%82%D1%80%D0%B0%D1%85%D1%82%20%D1%84%D1%80%D0%B0%D0%BD%D0%BA%D1%84%D1%83%D1%80%D1%82&geo=UA&hl=en"
"бавария – хольштайн","2K+","February 1, 2025 at 1:40:00 PM UTC","February 2, 2025 at 6:50:00 AM UTC","бавария – хольштайн","https://trends.google.com/trends/explore?q=%D0%B1%D0%B0%D0%B2%D0%B0%D1%80%D0%B8%D1%8F%20%E2%80%93%20%D1%85%D0%BE%D0%BB%D1%8C%D1%88%D1%82%D0%B0%D0%B9%D0%BD&geo=UA&hl=en"
"псв – ліверпуль","5K+","January 29, 2025 at 7:10:00 PM UTC","January 30, 2025 at 9:10:00 AM UTC","псв – ліверпуль,псв – ливерпуль,ливерпуль,псв,псв ливерпуль,ліверпуль псв","https://trends.google.com/trends/explore?q=%D0%BF%D1%81%D0%B2%20%E2%80%93%20%D0%BB%D1%96%D0%B2%D0%B5%D1%80%D0%BF%D1%83%D0%BB%D1%8C&geo=UA&hl=en"
"київводоканал","2K+","January 30, 2025 at 6:20:00 AM UTC","January 31, 2025 at 10:20:00 PM UTC","київводоканал","https://trends.google.com/trends/explore?q=%D0%BA%D0%B8%D1%97%D0%B2%D0%B2%D0%BE%D0%B4%D0%BE%D0%BA%D0%B0%D0%BD%D0%B0%D0%BB&geo=UA&hl=en"
"челси","500+","February 3, 2025 at 8:40:00 PM UTC","February 4, 2025 at 5:30:00 AM UTC","челси","https://trends.google.com/trends/explore?q=%D1%87%D0%B5%D0%BB%D1%81%D0%B8&geo=UA&hl=en"
"нубіп","500+","February 3, 2025 at 6:40:00 AM UTC","February 3, 2025 at 11:30:00 PM UTC","нубіп","https://trends.google.com/trends/explore?q=%D0%BD%D1%83%D0%B1%D1%96%D0%BF&geo=UA&hl=en"
"sporting san miguelito – интер майами","500+","February 2, 2025 at 10:50:00 PM UTC","February 3, 2025 at 7:20:00 AM UTC","sporting san miguelito – интер майами","https://trends.google.com/trends/explore?q=sporting%20san%20miguelito%20%E2%80%93%20%D0%B8%D0%BD%D1%82%D0%B5%D1%80%20%D0%BC%D0%B0%D0%B9%D0%B0%D0%BC%D0%B8&geo=UA&hl=en"
"соняшник","200+","February 4, 2025 at 2:00:00 AM UTC","February 4, 2025 at 10:00:00 AM UTC","соняшник","https://trends.google.com/trends/explore?q=%D1%81%D0%BE%D0%BD%D1%8F%D1%88%D0%BD%D0%B8%D0%BA&geo=UA&hl=en"
"ювентус – эмполи","2K+","February 2, 2025 at 10:50:00 AM UTC","February 2, 2025 at 4:00:00 PM UTC","ювентус – эмполи,серія a,ювентус","https://trends.google.com/trends/explore?q=%D1%8E%D0%B2%D0%B5%D0%BD%D1%82%D1%83%D1%81%20%E2%80%93%20%D1%8D%D0%BC%D0%BF%D0%BE%D0%BB%D0%B8&geo=UA&hl=en"
"андрій білоус","2K+","January 31, 2025 at 4:50:00 PM UTC","February 1, 2025 at 9:20:00 AM UTC","андрій білоус,юрій висоцький,білоус","https://trends.google.com/trends/explore?q=%D0%B0%D0%BD%D0%B4%D1%80%D1%96%D0%B9%20%D0%B1%D1%96%D0%BB%D0%BE%D1%83%D1%81&geo=UA&hl=en"
"динамо","5K+","January 30, 2025 at 8:10:00 PM UTC","January 31, 2025 at 7:00:00 AM UTC","динамо,апл,динамо київ","https://trends.google.com/trends/explore?q=%D0%B4%D0%B8%D0%BD%D0%B0%D0%BC%D0%BE&geo=UA&hl=en"
"борнмут – ливерпуль","2K+","February 1, 2025 at 2:00:00 PM UTC","February 1, 2025 at 7:40:00 PM UTC","борнмут – ливерпуль","https://trends.google.com/trends/explore?q=%D0%B1%D0%BE%D1%80%D0%BD%D0%BC%D1%83%D1%82%20%E2%80%93%20%D0%BB%D0%B8%D0%B2%D0%B5%D1%80%D0%BF%D1%83%D0%BB%D1%8C&geo=UA&hl=en"
"стив уиткофф","1K+","February 3, 2025 at 6:00:00 PM UTC","February 3, 2025 at 7:50:00 PM UTC","стив уиткофф","https://trends.google.com/trends/explore?q=%D1%81%D1%82%D0%B8%D0%B2%20%D1%83%D0%B8%D1%82%D0%BA%D0%BE%D1%84%D1%84&geo=UA&hl=en"
"лука дончич","500+","February 2, 2025 at 9:10:00 AM UTC","February 3, 2025 at 10:20:00 AM UTC","лука дончич","https://trends.google.com/trends/explore?q=%D0%BB%D1%83%D0%BA%D0%B0%20%D0%B4%D0%BE%D0%BD%D1%87%D0%B8%D1%87&geo=UA&hl=en"
"3 лютого","1K+","February 3, 2025 at 3:50:00 AM UTC","February 3, 2025 at 9:40:00 AM UTC","3 лютого,графіки відключення світла,графік відключення світла,харківобленерго","https://trends.google.com/trends/explore?q=3%20%D0%BB%D1%8E%D1%82%D0%BE%D0%B3%D0%BE&geo=UA&hl=en"
"лига чемпионов уефа","5K+","January 29, 2025 at 7:00:00 PM UTC","January 30, 2025 at 9:00:00 AM UTC","лига чемпионов уефа,лч таблица,лч 24/25,таблица лиги чемпионов,жеребьевка лч,таблица лч,лига чемпионов таблица,лига чемпионов уефа игры,результаты матчей,лч матчи","https://trends.google.com/trends/explore?q=%D0%BB%D0%B8%D0%B3%D0%B0%20%D1%87%D0%B5%D0%BC%D0%BF%D0%B8%D0%BE%D0%BD%D0%BE%D0%B2%20%D1%83%D0%B5%D1%84%D0%B0&geo=UA&hl=en"
"ріу аве – порту","200+","February 3, 2025 at 10:40:00 PM UTC","February 4, 2025 at 6:20:00 AM UTC","ріу аве – порту","https://trends.google.com/trends/explore?q=%D1%80%D1%96%D1%83%20%D0%B0%D0%B2%D0%B5%20%E2%80%93%20%D0%BF%D0%BE%D1%80%D1%82%D1%83&geo=UA&hl=en"
"ватикан","500+","February 2, 2025 at 10:40:00 AM UTC","February 4, 2025 at 2:10:00 AM UTC","ватикан","https://trends.google.com/trends/explore?q=%D0%B2%D0%B0%D1%82%D0%B8%D0%BA%D0%B0%D0%BD&geo=UA&hl=en"
"новини полтави","2K+","February 1, 2025 at 6:00:00 AM UTC","February 1, 2025 at 1:40:00 PM UTC","новини полтави,полтаві,1 лютого,х22 ракета,полтава новини,новини полтавщини,полтава вибухи,тсн","https://trends.google.com/trends/explore?q=%D0%BD%D0%BE%D0%B2%D0%B8%D0%BD%D0%B8%20%D0%BF%D0%BE%D0%BB%D1%82%D0%B0%D0%B2%D0%B8&geo=UA&hl=en"
"ювентус – бенфіка","2K+","January 29, 2025 at 7:10:00 PM UTC","January 30, 2025 at 9:00:00 AM UTC","ювентус – бенфіка,ювентус – бенфика","https://trends.google.com/trends/explore?q=%D1%8E%D0%B2%D0%B5%D0%BD%D1%82%D1%83%D1%81%20%E2%80%93%20%D0%B1%D0%B5%D0%BD%D1%84%D1%96%D0%BA%D0%B0&geo=UA&hl=en"
"шрапнель","2K+","January 29, 2025 at 9:20:00 AM UTC","January 30, 2025 at 3:20:00 PM UTC","шрапнель,ту 22м3","https://trends.google.com/trends/explore?q=%D1%88%D1%80%D0%B0%D0%BF%D0%BD%D0%B5%D0%BB%D1%8C&geo=UA&hl=en"
"суми","2K+","January 29, 2025 at 11:20:00 PM UTC","February 1, 2025 at 2:50:00 AM UTC","суми,новини суми","https://trends.google.com/trends/explore?q=%D1%81%D1%83%D0%BC%D0%B8&geo=UA&hl=en"
"пирс морган","200+","February 4, 2025 at 9:00:00 AM UTC","February 4, 2025 at 10:00:00 AM UTC","пирс морган,такер карлсон","https://trends.google.com/trends/explore?q=%D0%BF%D0%B8%D1%80%D1%81%20%D0%BC%D0%BE%D1%80%D0%B3%D0%B0%D0%BD&geo=UA&hl=en"
"qwen2.5-max","5K+","January 29, 2025 at 2:10:00 PM UTC","January 30, 2025 at 7:50:00 AM UTC","qwen2.5-max,qwen 2.5,qwen 2.5 max,qwen","https://trends.google.com/trends/explore?q=qwen2.5-max&geo=UA&hl=en"
"манчестер сіті – брюгге","2K+","January 29, 2025 at 7:00:00 PM UTC","January 30, 2025 at 8:20:00 AM UTC","манчестер сіті – брюгге,манчестер сіті,лига чемпионов турнірна таблиця","https://trends.google.com/trends/explore?q=%D0%BC%D0%B0%D0%BD%D1%87%D0%B5%D1%81%D1%82%D0%B5%D1%80%20%D1%81%D1%96%D1%82%D1%96%20%E2%80%93%20%D0%B1%D1%80%D1%8E%D0%B3%D0%B3%D0%B5&geo=UA&hl=en"
"динамо загреб – мілан","2K+","January 29, 2025 at 7:10:00 PM UTC","January 30, 2025 at 8:10:00 AM UTC","динамо загреб – мілан,динамо загреб – милан,милан фк,милан","https://trends.google.com/trends/explore?q=%D0%B4%D0%B8%D0%BD%D0%B0%D0%BC%D0%BE%20%D0%B7%D0%B0%D0%B3%D1%80%D0%B5%D0%B1%20%E2%80%93%20%D0%BC%D1%96%D0%BB%D0%B0%D0%BD&geo=UA&hl=en"
"фіорентіна – дженоа","1K+","February 2, 2025 at 1:40:00 PM UTC","February 2, 2025 at 6:50:00 PM UTC","фіорентіна – дженоа","https://trends.google.com/trends/explore?q=%D1%84%D1%96%D0%BE%D1%80%D0%B5%D0%BD%D1%82%D1%96%D0%BD%D0%B0%20%E2%80%93%20%D0%B4%D0%B6%D0%B5%D0%BD%D0%BE%D0%B0&geo=UA&hl=en"
"валенсія – сельта","1K+","February 2, 2025 at 3:10:00 PM UTC","February 2, 2025 at 8:20:00 PM UTC","валенсія – сельта","https://trends.google.com/trends/explore?q=%D0%B2%D0%B0%D0%BB%D0%B5%D0%BD%D1%81%D1%96%D1%8F%20%E2%80%93%20%D1%81%D0%B5%D0%BB%D1%8C%D1%82%D0%B0&geo=UA&hl=en"
"роман заволока","100+","February 4, 2025 at 11:00:00 AM UTC","February 4, 2025 at 12:00:00 PM UTC","роман заволока","https://trends.google.com/trends/explore?q=%D1%80%D0%BE%D0%BC%D0%B0%D0%BD%20%D0%B7%D0%B0%D0%B2%D0%BE%D0%BB%D0%BE%D0%BA%D0%B0&geo=UA&hl=en"
"брентфорд – тоттенхэм","1K+","February 2, 2025 at 1:20:00 PM UTC","February 2, 2025 at 5:50:00 PM UTC","брентфорд – тоттенхэм","https://trends.google.com/trends/explore?q=%D0%B1%D1%80%D0%B5%D0%BD%D1%82%D1%84%D0%BE%D1%80%D0%B4%20%E2%80%93%20%D1%82%D0%BE%D1%82%D1%82%D0%B5%D0%BD%D1%85%D1%8D%D0%BC&geo=UA&hl=en"
"карта тривог","10K+","February 1, 2025 at 5:10:00 AM UTC","February 1, 2025 at 7:40:00 AM UTC","карта тривог,карта тривог україни,мапа повітряних тривог,карта тревог,тривога в україні","https://trends.google.com/trends/explore?q=%D0%BA%D0%B0%D1%80%D1%82%D0%B0%20%D1%82%D1%80%D0%B8%D0%B2%D0%BE%D0%B3&geo=UA&hl=en"
"кстово","2K+","January 28, 2025 at 10:40:00 PM UTC","January 30, 2025 at 6:50:00 AM UTC","кстово","https://trends.google.com/trends/explore?q=%D0%BA%D1%81%D1%82%D0%BE%D0%B2%D0%BE&geo=UA&hl=en"
"штутгарт – псж","2K+","January 29, 2025 at 7:10:00 PM UTC","January 30, 2025 at 8:30:00 AM UTC","штутгарт – псж","https://trends.google.com/trends/explore?q=%D1%88%D1%82%D1%83%D1%82%D0%B3%D0%B0%D1%80%D1%82%20%E2%80%93%20%D0%BF%D1%81%D0%B6&geo=UA&hl=en"
"2 лютого","1K+","February 2, 2025 at 5:10:00 AM UTC","February 2, 2025 at 12:40:00 PM UTC","2 лютого,вибухи хмельницькій","https://trends.google.com/trends/explore?q=2%20%D0%BB%D1%8E%D1%82%D0%BE%D0%B3%D0%BE&geo=UA&hl=en"
"твіч","500+","February 3, 2025 at 3:00:00 PM UTC","February 3, 2025 at 6:00:00 PM UTC","твіч","https://trends.google.com/trends/explore?q=%D1%82%D0%B2%D1%96%D1%87&geo=UA&hl=en"
"одеса","2K+","January 31, 2025 at 6:20:00 PM UTC","February 1, 2025 at 9:40:00 AM UTC","одеса,брістоль,31 січня,одеса новини","https://trends.google.com/trends/explore?q=%D0%BE%D0%B4%D0%B5%D1%81%D0%B0&geo=UA&hl=en"
"кузьма скрябин","500+","February 2, 2025 at 7:50:00 AM UTC","February 2, 2025 at 7:50:00 PM UTC","кузьма скрябин","https://trends.google.com/trends/explore?q=%D0%BA%D1%83%D0%B7%D1%8C%D0%BC%D0%B0%20%D1%81%D0%BA%D1%80%D1%8F%D0%B1%D0%B8%D0%BD&geo=UA&hl=en"
"бій під крутами","5K+","January 29, 2025 at 5:20:00 AM UTC","January 30, 2025 at 7:20:00 AM UTC","бій під крутами,29 січня свято,день пам'яті героїв крут 2025,яке церковне свято 29 січня","https://trends.google.com/trends/explore?q=%D0%B1%D1%96%D0%B9%20%D0%BF%D1%96%D0%B4%20%D0%BA%D1%80%D1%83%D1%82%D0%B0%D0%BC%D0%B8&geo=UA&hl=en"
"тоттенгем – ельфсборг","2K+","January 30, 2025 at 7:20:00 PM UTC","January 31, 2025 at 8:10:00 AM UTC","тоттенгем – ельфсборг,тоттенхэм – эльфсборг","https://trends.google.com/trends/explore?q=%D1%82%D0%BE%D1%82%D1%82%D0%B5%D0%BD%D0%B3%D0%B5%D0%BC%20%E2%80%93%20%D0%B5%D0%BB%D1%8C%D1%84%D1%81%D0%B1%D0%BE%D1%80%D0%B3&geo=UA&hl=en"
"манчестер сити – брюгге","5K+","January 29, 2025 at 7:00:00 PM UTC","January 30, 2025 at 7:20:00 AM UTC","манчестер сити – брюгге,манчестер сити,ман сити,футбол на куличках","https://trends.google.com/trends/explore?q=%D0%BC%D0%B0%D0%BD%D1%87%D0%B5%D1%81%D1%82%D0%B5%D1%80%20%D1%81%D0%B8%D1%82%D0%B8%20%E2%80%93%20%D0%B1%D1%80%D1%8E%D0%B3%D0%B3%D0%B5&geo=UA&hl=en"
"парма – лечче","1K+","January 31, 2025 at 7:20:00 PM UTC","February 1, 2025 at 8:20:00 AM UTC","парма – лечче","https://trends.google.com/trends/explore?q=%D0%BF%D0%B0%D1%80%D0%BC%D0%B0%20%E2%80%93%20%D0%BB%D0%B5%D1%87%D1%87%D0%B5&geo=UA&hl=en"
"костянтин грубич","100+","February 4, 2025 at 6:20:00 AM UTC","February 4, 2025 at 7:50:00 AM UTC","костянтин грубич","https://trends.google.com/trends/explore?q=%D0%BA%D0%BE%D1%81%D1%82%D1%8F%D0%BD%D1%82%D0%B8%D0%BD%20%D0%B3%D1%80%D1%83%D0%B1%D0%B8%D1%87&geo=UA&hl=en"
"землетрус полтава","2K+","February 1, 2025 at 4:50:00 PM UTC","February 2, 2025 at 9:40:00 AM UTC","землетрус полтава,полтава землетрус,землетрус в полтаві,землетрус,землетрус у полтаві","https://trends.google.com/trends/explore?q=%D0%B7%D0%B5%D0%BC%D0%BB%D0%B5%D1%82%D1%80%D1%83%D1%81%20%D0%BF%D0%BE%D0%BB%D1%82%D0%B0%D0%B2%D0%B0&geo=UA&hl=en"
"переяслав","200+","February 3, 2025 at 11:50:00 PM UTC","February 4, 2025 at 3:50:00 AM UTC","переяслав","https://trends.google.com/trends/explore?q=%D0%BF%D0%B5%D1%80%D0%B5%D1%8F%D1%81%D0%BB%D0%B0%D0%B2&geo=UA&hl=en"
"байер – хоффенхайм","1K+","February 2, 2025 at 4:10:00 PM UTC","February 3, 2025 at 10:10:00 AM UTC","байер – хоффенхайм,бундеслига,чемпионат германии","https://trends.google.com/trends/explore?q=%D0%B1%D0%B0%D0%B9%D0%B5%D1%80%20%E2%80%93%20%D1%85%D0%BE%D1%84%D1%84%D0%B5%D0%BD%D1%85%D0%B0%D0%B9%D0%BC&geo=UA&hl=en"
"пирятин","2K+","February 3, 2025 at 11:20:00 PM UTC","February 4, 2025 at 12:30:00 AM UTC","пирятин,новини,тцк","https://trends.google.com/trends/explore?q=%D0%BF%D0%B8%D1%80%D1%8F%D1%82%D0%B8%D0%BD&geo=UA&hl=en"
"барселона аталанта","5K+","January 29, 2025 at 7:00:00 PM UTC","January 30, 2025 at 7:30:00 AM UTC","барселона аталанта,барселона,барса аталанта,барса,аталанта","https://trends.google.com/trends/explore?q=%D0%B1%D0%B0%D1%80%D1%81%D0%B5%D0%BB%D0%BE%D0%BD%D0%B0%20%D0%B0%D1%82%D0%B0%D0%BB%D0%B0%D0%BD%D1%82%D0%B0&geo=UA&hl=en"
"втрати ворога на 4 лютого 2025 року","1K+","February 4, 2025 at 7:10:00 AM UTC","February 4, 2025 at 8:20:00 AM UTC","втрати ворога на 4 лютого 2025 року,втрати ворога на 2 лютого 2025 року,втрати ворога на 1 лютого 2025 року,втрати ворога на 29 січня 2025 року,втрати ворога на 31 січня 2025 року,втрати ворога на 3 лютого 2025 року,втрати ворога на 30 січня 2025 року","https://trends.google.com/trends/explore?q=%D0%B2%D1%82%D1%80%D0%B0%D1%82%D0%B8%20%D0%B2%D0%BE%D1%80%D0%BE%D0%B3%D0%B0%20%D0%BD%D0%B0%204%20%D0%BB%D1%8E%D1%82%D0%BE%D0%B3%D0%BE%202025%20%D1%80%D0%BE%D0%BA%D1%83&geo=UA&hl=en"
"мирноград","2K+","January 31, 2025 at 1:50:00 PM UTC","January 31, 2025 at 11:50:00 PM UTC","мирноград","https://trends.google.com/trends/explore?q=%D0%BC%D0%B8%D1%80%D0%BD%D0%BE%D0%B3%D1%80%D0%B0%D0%B4&geo=UA&hl=en"
"стів віткофф","500+","February 3, 2025 at 6:00:00 PM UTC","February 3, 2025 at 7:40:00 PM UTC","стів віткофф,правда","https://trends.google.com/trends/explore?q=%D1%81%D1%82%D1%96%D0%B2%20%D0%B2%D1%96%D1%82%D0%BA%D0%BE%D1%84%D1%84&geo=UA&hl=en"
"адесанья","1K+","February 1, 2025 at 7:30:00 PM UTC","February 2, 2025 at 8:40:00 AM UTC","адесанья,нассурдин имавов,исраэль адесанья","https://trends.google.com/trends/explore?q=%D0%B0%D0%B4%D0%B5%D1%81%D0%B0%D0%BD%D1%8C%D1%8F&geo=UA&hl=en"
"валенсия – сельта","500+","February 2, 2025 at 3:00:00 PM UTC","February 2, 2025 at 7:50:00 PM UTC","валенсия – сельта","https://trends.google.com/trends/explore?q=%D0%B2%D0%B0%D0%BB%D0%B5%D0%BD%D1%81%D0%B8%D1%8F%20%E2%80%93%20%D1%81%D0%B5%D0%BB%D1%8C%D1%82%D0%B0&geo=UA&hl=en"
"погода николаев","500+","February 4, 2025 at 4:20:00 AM UTC","February 4, 2025 at 6:00:00 AM UTC","погода николаев,погода миколаїв,погода в николаеве","https://trends.google.com/trends/explore?q=%D0%BF%D0%BE%D0%B3%D0%BE%D0%B4%D0%B0%20%D0%BD%D0%B8%D0%BA%D0%BE%D0%BB%D0%B0%D0%B5%D0%B2&geo=UA&hl=en"
"hltv","500+","February 3, 2025 at 6:30:00 PM UTC","February 3, 2025 at 7:40:00 PM UTC","hltv","https://trends.google.com/trends/explore?q=hltv&geo=UA&hl=en"
"3 лютого свято","500+","February 3, 2025 at 5:20:00 AM UTC","February 3, 2025 at 9:40:00 AM UTC","3 лютого свято","https://trends.google.com/trends/explore?q=3%20%D0%BB%D1%8E%D1%82%D0%BE%D0%B3%D0%BE%20%D1%81%D0%B2%D1%8F%D1%82%D0%BE&geo=UA&hl=en"
"фиорентина – дженоа","500+","February 2, 2025 at 1:40:00 PM UTC","February 2, 2025 at 6:30:00 PM UTC","фиорентина – дженоа","https://trends.google.com/trends/explore?q=%D1%84%D0%B8%D0%BE%D1%80%D0%B5%D0%BD%D1%82%D0%B8%D0%BD%D0%B0%20%E2%80%93%20%D0%B4%D0%B6%D0%B5%D0%BD%D0%BE%D0%B0&geo=UA&hl=en"
"пасха 2025","2K+","February 2, 2025 at 7:30:00 AM UTC","February 2, 2025 at 3:10:00 PM UTC","пасха 2025","https://trends.google.com/trends/explore?q=%D0%BF%D0%B0%D1%81%D1%85%D0%B0%202025&geo=UA&hl=en"
"ястремська","1K+","February 2, 2025 at 1:00:00 PM UTC","February 2, 2025 at 4:10:00 PM UTC","ястремська,даяна ястремська","https://trends.google.com/trends/explore?q=%D1%8F%D1%81%D1%82%D1%80%D0%B5%D0%BC%D1%81%D1%8C%D0%BA%D0%B0&geo=UA&hl=en"
"аякс – галатасарай","1K+","January 30, 2025 at 7:20:00 PM UTC","January 31, 2025 at 7:30:00 AM UTC","аякс – галатасарай","https://trends.google.com/trends/explore?q=%D0%B0%D1%8F%D0%BA%D1%81%20%E2%80%93%20%D0%B3%D0%B0%D0%BB%D0%B0%D1%82%D0%B0%D1%81%D0%B0%D1%80%D0%B0%D0%B9&geo=UA&hl=en"
"леганес – райо вальєкано","1K+","January 31, 2025 at 7:40:00 PM UTC","February 1, 2025 at 8:00:00 AM UTC","леганес – райо вальєкано,леганес – райо вальекано","https://trends.google.com/trends/explore?q=%D0%BB%D0%B5%D0%B3%D0%B0%D0%BD%D0%B5%D1%81%20%E2%80%93%20%D1%80%D0%B0%D0%B9%D0%BE%20%D0%B2%D0%B0%D0%BB%D1%8C%D1%94%D0%BA%D0%B0%D0%BD%D0%BE&geo=UA&hl=en"
"баварія – слован братислава","2K+","January 29, 2025 at 7:20:00 PM UTC","January 30, 2025 at 7:10:00 AM UTC","баварія – слован братислава,бавария – слован","https://trends.google.com/trends/explore?q=%D0%B1%D0%B0%D0%B2%D0%B0%D1%80%D1%96%D1%8F%20%E2%80%93%20%D1%81%D0%BB%D0%BE%D0%B2%D0%B0%D0%BD%20%D0%B1%D1%80%D0%B0%D1%82%D0%B8%D1%81%D0%BB%D0%B0%D0%B2%D0%B0&geo=UA&hl=en"
"интер – монако","2K+","January 29, 2025 at 7:30:00 PM UTC","January 30, 2025 at 7:10:00 AM UTC","интер – монако,інтер – монако","https://trends.google.com/trends/explore?q=%D0%B8%D0%BD%D1%82%D0%B5%D1%80%20%E2%80%93%20%D0%BC%D0%BE%D0%BD%D0%B0%D0%BA%D0%BE&geo=UA&hl=en"
"вулверхэмптон – астон вилла","1K+","February 1, 2025 at 5:10:00 PM UTC","February 2, 2025 at 7:00:00 AM UTC","вулверхэмптон – астон вилла","https://trends.google.com/trends/explore?q=%D0%B2%D1%83%D0%BB%D0%B2%D0%B5%D1%80%D1%85%D1%8D%D0%BC%D0%BF%D1%82%D0%BE%D0%BD%20%E2%80%93%20%D0%B0%D1%81%D1%82%D0%BE%D0%BD%20%D0%B2%D0%B8%D0%BB%D0%BB%D0%B0&geo=UA&hl=en"
"одного літа в україні","1K+","January 31, 2025 at 7:40:00 PM UTC","February 1, 2025 at 10:00:00 AM UTC","одного літа в україні","https://trends.google.com/trends/explore?q=%D0%BE%D0%B4%D0%BD%D0%BE%D0%B3%D0%BE%20%D0%BB%D1%96%D1%82%D0%B0%20%D0%B2%20%D1%83%D0%BA%D1%80%D0%B0%D1%97%D0%BD%D1%96&geo=UA&hl=en"
"аль наср","200+","February 3, 2025 at 7:00:00 PM UTC","February 4, 2025 at 6:10:00 AM UTC","аль наср","https://trends.google.com/trends/explore?q=%D0%B0%D0%BB%D1%8C%20%D0%BD%D0%B0%D1%81%D1%80&geo=UA&hl=en"
"1 лютого свято","500+","February 1, 2025 at 2:10:00 AM UTC","February 1, 2025 at 1:10:00 PM UTC","1 лютого свято","https://trends.google.com/trends/explore?q=1%20%D0%BB%D1%8E%D1%82%D0%BE%D0%B3%D0%BE%20%D1%81%D0%B2%D1%8F%D1%82%D0%BE&geo=UA&hl=en"
"live tv","5K+","January 29, 2025 at 7:50:00 PM UTC","January 29, 2025 at 10:20:00 PM UTC","live tv","https://trends.google.com/trends/explore?q=live%20tv&geo=UA&hl=en"
"бапор","200+","February 3, 2025 at 6:20:00 PM UTC","February 3, 2025 at 7:40:00 PM UTC","бапор","https://trends.google.com/trends/explore?q=%D0%B1%D0%B0%D0%BF%D0%BE%D1%80&geo=UA&hl=en"
"черкасиобленерго","1K+","January 30, 2025 at 8:00:00 AM UTC","January 31, 2025 at 4:20:00 PM UTC","черкасиобленерго","https://trends.google.com/trends/explore?q=%D1%87%D0%B5%D1%80%D0%BA%D0%B0%D1%81%D0%B8%D0%BE%D0%B1%D0%BB%D0%B5%D0%BD%D0%B5%D1%80%D0%B3%D0%BE&geo=UA&hl=en"
"flashscore","2K+","January 29, 2025 at 8:10:00 PM UTC","January 30, 2025 at 5:00:00 AM UTC","flashscore","https://trends.google.com/trends/explore?q=flashscore&geo=UA&hl=en"
"новини рівного","2K+","February 1, 2025 at 3:10:00 PM UTC","February 2, 2025 at 7:00:00 AM UTC","новини рівного,рівне тцк,рівне,новини рівне,тцк рівне,рівне тцк вибух,у,новини україни сьогодні","https://trends.google.com/trends/explore?q=%D0%BD%D0%BE%D0%B2%D0%B8%D0%BD%D0%B8%20%D1%80%D1%96%D0%B2%D0%BD%D0%BE%D0%B3%D0%BE&geo=UA&hl=en"
"новини київ","100+","February 4, 2025 at 3:10:00 AM UTC","February 4, 2025 at 5:10:00 AM UTC","новини київ","https://trends.google.com/trends/explore?q=%D0%BD%D0%BE%D0%B2%D0%B8%D0%BD%D0%B8%20%D0%BA%D0%B8%D1%97%D0%B2&geo=UA&hl=en"
"лубни","2K+","January 31, 2025 at 10:50:00 PM UTC","February 1, 2025 at 12:40:00 AM UTC","лубни,лубны","https://trends.google.com/trends/explore?q=%D0%BB%D1%83%D0%B1%D0%BD%D0%B8&geo=UA&hl=en"
"монако – осер","500+","February 1, 2025 at 7:00:00 PM UTC","February 2, 2025 at 8:30:00 AM UTC","монако – осер","https://trends.google.com/trends/explore?q=%D0%BC%D0%BE%D0%BD%D0%B0%D0%BA%D0%BE%20%E2%80%93%20%D0%BE%D1%81%D0%B5%D1%80&geo=UA&hl=en"
"ла лига","1K+","February 1, 2025 at 10:00:00 PM UTC","February 2, 2025 at 5:30:00 AM UTC","ла лига,барселона алавес,чемпионат испании","https://trends.google.com/trends/explore?q=%D0%BB%D0%B0%20%D0%BB%D0%B8%D0%B3%D0%B0&geo=UA&hl=en"
"тимур ткаченко","1K+","January 29, 2025 at 12:50:00 PM UTC","January 31, 2025 at 1:00:00 AM UTC","тимур ткаченко,главком","https://trends.google.com/trends/explore?q=%D1%82%D0%B8%D0%BC%D1%83%D1%80%20%D1%82%D0%BA%D0%B0%D1%87%D0%B5%D0%BD%D0%BA%D0%BE&geo=UA&hl=en"
"хетафе – севілья","1K+","February 1, 2025 at 12:20:00 PM UTC","February 1, 2025 at 4:40:00 PM UTC","хетафе – севілья,хетафе – севилья","https://trends.google.com/trends/explore?q=%D1%85%D0%B5%D1%82%D0%B0%D1%84%D0%B5%20%E2%80%93%20%D1%81%D0%B5%D0%B2%D1%96%D0%BB%D1%8C%D1%8F&geo=UA&hl=en"
"рб зальцбург – атлетіко мадрид","1K+","January 29, 2025 at 8:00:00 PM UTC","January 30, 2025 at 6:30:00 AM UTC","рб зальцбург – атлетіко мадрид,ред булл зальцбург – атлетико мадрид,атлетико мадрид","https://trends.google.com/trends/explore?q=%D1%80%D0%B1%20%D0%B7%D0%B0%D0%BB%D1%8C%D1%86%D0%B1%D1%83%D1%80%D0%B3%20%E2%80%93%20%D0%B0%D1%82%D0%BB%D0%B5%D1%82%D1%96%D0%BA%D0%BE%20%D0%BC%D0%B0%D0%B4%D1%80%D0%B8%D0%B4&geo=UA&hl=en"
"royal rumble 2025","200+","February 1, 2025 at 11:00:00 PM UTC","February 2, 2025 at 10:10:00 AM UTC","royal rumble 2025","https://trends.google.com/trends/explore?q=royal%20rumble%202025&geo=UA&hl=en"
"ньюкасл юнайтед – фулхэм","500+","February 1, 2025 at 2:30:00 PM UTC","February 1, 2025 at 6:40:00 PM UTC","ньюкасл юнайтед – фулхэм","https://trends.google.com/trends/explore?q=%D0%BD%D1%8C%D1%8E%D0%BA%D0%B0%D1%81%D0%BB%20%D1%8E%D0%BD%D0%B0%D0%B9%D1%82%D0%B5%D0%B4%20%E2%80%93%20%D1%84%D1%83%D0%BB%D1%85%D1%8D%D0%BC&geo=UA&hl=en"
"31 січня свято","1K+","January 31, 2025 at 4:40:00 AM UTC","February 1, 2025 at 1:50:00 AM UTC","31 січня свято,яке завтра свято","https://trends.google.com/trends/explore?q=31%20%D1%81%D1%96%D1%87%D0%BD%D1%8F%20%D1%81%D0%B2%D1%8F%D1%82%D0%BE&geo=UA&hl=en"
"террикон","2K+","January 29, 2025 at 8:10:00 PM UTC","January 30, 2025 at 6:40:00 AM UTC","террикон,терикон","https://trends.google.com/trends/explore?q=%D1%82%D0%B5%D1%80%D1%80%D0%B8%D0%BA%D0%BE%D0%BD&geo=UA&hl=en"
"лє","1K+","January 30, 2025 at 8:00:00 PM UTC","January 31, 2025 at 6:40:00 AM UTC","лє","https://trends.google.com/trends/explore?q=%D0%BB%D1%94&geo=UA&hl=en"
"погода запоріжжя","100+","February 4, 2025 at 4:00:00 AM UTC","February 4, 2025 at 5:20:00 AM UTC","погода запоріжжя","https://trends.google.com/trends/explore?q=%D0%BF%D0%BE%D0%B3%D0%BE%D0%B4%D0%B0%20%D0%B7%D0%B0%D0%BF%D0%BE%D1%80%D1%96%D0%B6%D0%B6%D1%8F&geo=UA&hl=en"
"роналду","100+","February 3, 2025 at 11:50:00 PM UTC","February 4, 2025 at 6:50:00 AM UTC","роналду","https://trends.google.com/trends/explore?q=%D1%80%D0%BE%D0%BD%D0%B0%D0%BB%D0%B4%D1%83&geo=UA&hl=en"
"29 січня","1K+","January 29, 2025 at 4:50:00 AM UTC","January 29, 2025 at 9:20:00 PM UTC","29 січня,кличко","https://trends.google.com/trends/explore?q=29%20%D1%81%D1%96%D1%87%D0%BD%D1%8F&geo=UA&hl=en"
"хайденхайм – боруссия","500+","February 1, 2025 at 1:50:00 PM UTC","February 1, 2025 at 5:30:00 PM UTC","хайденхайм – боруссия","https://trends.google.com/trends/explore?q=%D1%85%D0%B0%D0%B9%D0%B4%D0%B5%D0%BD%D1%85%D0%B0%D0%B9%D0%BC%20%E2%80%93%20%D0%B1%D0%BE%D1%80%D1%83%D1%81%D1%81%D0%B8%D1%8F&geo=UA&hl=en"
"футбол юа","2K+","January 29, 2025 at 8:30:00 PM UTC","January 30, 2025 at 6:20:00 AM UTC","футбол юа","https://trends.google.com/trends/explore?q=%D1%84%D1%83%D1%82%D0%B1%D0%BE%D0%BB%20%D1%8E%D0%B0&geo=UA&hl=en"
"хмара","200+","February 3, 2025 at 9:20:00 AM UTC","February 3, 2025 at 10:50:00 AM UTC","хмара","https://trends.google.com/trends/explore?q=%D1%85%D0%BC%D0%B0%D1%80%D0%B0&geo=UA&hl=en"
"авіакатастрофа у вашингтоні","1K+","January 30, 2025 at 4:50:00 PM UTC","January 31, 2025 at 6:30:00 AM UTC","авіакатастрофа у вашингтоні,авіакатастрофа сша,падіння літака вашингтон,авіакатастрофа,останні новини","https://trends.google.com/trends/explore?q=%D0%B0%D0%B2%D1%96%D0%B0%D0%BA%D0%B0%D1%82%D0%B0%D1%81%D1%82%D1%80%D0%BE%D1%84%D0%B0%20%D1%83%20%D0%B2%D0%B0%D1%88%D0%B8%D0%BD%D0%B3%D1%82%D0%BE%D0%BD%D1%96&geo=UA&hl=en"
"вільярреал – реал вальядолід","500+","February 1, 2025 at 4:00:00 PM UTC","February 1, 2025 at 7:30:00 PM UTC","вільярреал – реал вальядолід,вильярреал – вальядолид","https://trends.google.com/trends/explore?q=%D0%B2%D1%96%D0%BB%D1%8C%D1%8F%D1%80%D1%80%D0%B5%D0%B0%D0%BB%20%E2%80%93%20%D1%80%D0%B5%D0%B0%D0%BB%20%D0%B2%D0%B0%D0%BB%D1%8C%D1%8F%D0%B4%D0%BE%D0%BB%D1%96%D0%B4&geo=UA&hl=en"
"липецк","500+","February 2, 2025 at 1:10:00 PM UTC","February 2, 2025 at 3:30:00 PM UTC","липецк","https://trends.google.com/trends/explore?q=%D0%BB%D0%B8%D0%BF%D0%B5%D1%86%D0%BA&geo=UA&hl=en"
"астон вілла – селтік","500+","January 29, 2025 at 8:10:00 PM UTC","January 30, 2025 at 7:20:00 AM UTC","астон вілла – селтік","https://trends.google.com/trends/explore?q=%D0%B0%D1%81%D1%82%D0%BE%D0%BD%20%D0%B2%D1%96%D0%BB%D0%BB%D0%B0%20%E2%80%93%20%D1%81%D0%B5%D0%BB%D1%82%D1%96%D0%BA&geo=UA&hl=en"
"спортінг брага – лаціо","1K+","January 30, 2025 at 7:50:00 PM UTC","January 31, 2025 at 6:20:00 AM UTC","спортінг брага – лаціо,брага – лацио","https://trends.google.com/trends/explore?q=%D1%81%D0%BF%D0%BE%D1%80%D1%82%D1%96%D0%BD%D0%B3%20%D0%B1%D1%80%D0%B0%D0%B3%D0%B0%20%E2%80%93%20%D0%BB%D0%B0%D1%86%D1%96%D0%BE&geo=UA&hl=en"
"суджі","1K+","February 1, 2025 at 7:00:00 PM UTC","February 2, 2025 at 5:10:00 AM UTC","суджі,українська правда,уп","https://trends.google.com/trends/explore?q=%D1%81%D1%83%D0%B4%D0%B6%D1%96&geo=UA&hl=en"
"осасуна – реал сосьєдад","200+","February 2, 2025 at 6:10:00 PM UTC","February 2, 2025 at 9:10:00 PM UTC","осасуна – реал сосьєдад","https://trends.google.com/trends/explore?q=%D0%BE%D1%81%D0%B0%D1%81%D1%83%D0%BD%D0%B0%20%E2%80%93%20%D1%80%D0%B5%D0%B0%D0%BB%20%D1%81%D0%BE%D1%81%D1%8C%D1%94%D0%B4%D0%B0%D0%B4&geo=UA&hl=en"
"o3 mini","500+","January 31, 2025 at 7:30:00 PM UTC","February 1, 2025 at 6:50:00 AM UTC","o3 mini,o3-mini","https://trends.google.com/trends/explore?q=o3%20mini&geo=UA&hl=en"
"миргород","500+","January 31, 2025 at 10:50:00 PM UTC","February 1, 2025 at 6:10:00 AM UTC","миргород","https://trends.google.com/trends/explore?q=%D0%BC%D0%B8%D1%80%D0%B3%D0%BE%D1%80%D0%BE%D0%B4&geo=UA&hl=en"
"спортінг л – болонья","1K+","January 29, 2025 at 8:00:00 PM UTC","January 30, 2025 at 7:00:00 AM UTC","спортінг л – болонья,спортинг – болонья","https://trends.google.com/trends/explore?q=%D1%81%D0%BF%D0%BE%D1%80%D1%82%D1%96%D0%BD%D0%B3%20%D0%BB%20%E2%80%93%20%D0%B1%D0%BE%D0%BB%D0%BE%D0%BD%D1%8C%D1%8F&geo=UA&hl=en"
"обозреватель","100+","February 4, 2025 at 4:50:00 AM UTC","February 4, 2025 at 5:40:00 AM UTC","обозреватель","https://trends.google.com/trends/explore?q=%D0%BE%D0%B1%D0%BE%D0%B7%D1%80%D0%B5%D0%B2%D0%B0%D1%82%D0%B5%D0%BB%D1%8C&geo=UA&hl=en"
"удінезе – венеція","200+","February 1, 2025 at 2:10:00 PM UTC","February 1, 2025 at 6:10:00 PM UTC","удінезе – венеція","https://trends.google.com/trends/explore?q=%D1%83%D0%B4%D1%96%D0%BD%D0%B5%D0%B7%D0%B5%20%E2%80%93%20%D0%B2%D0%B5%D0%BD%D0%B5%D1%86%D1%96%D1%8F&geo=UA&hl=en"
"графік відключення світла","500+","February 1, 2025 at 5:20:00 AM UTC","February 1, 2025 at 8:40:00 AM UTC","графік відключення світла","https://trends.google.com/trends/explore?q=%D0%B3%D1%80%D0%B0%D1%84%D1%96%D0%BA%20%D0%B2%D1%96%D0%B4%D0%BA%D0%BB%D1%8E%D1%87%D0%B5%D0%BD%D0%BD%D1%8F%20%D1%81%D0%B2%D1%96%D1%82%D0%BB%D0%B0&geo=UA&hl=en"
"футзал україна німеччина","500+","January 31, 2025 at 5:30:00 PM UTC","February 1, 2025 at 6:20:00 AM UTC","футзал україна німеччина,футзал","https://trends.google.com/trends/explore?q=%D1%84%D1%83%D1%82%D0%B7%D0%B0%D0%BB%20%D1%83%D0%BA%D1%80%D0%B0%D1%97%D0%BD%D0%B0%20%D0%BD%D1%96%D0%BC%D0%B5%D1%87%D1%87%D0%B8%D0%BD%D0%B0&geo=UA&hl=en"
"ineos","200+","February 3, 2025 at 11:40:00 AM UTC","February 3, 2025 at 12:50:00 PM UTC","ineos","https://trends.google.com/trends/explore?q=ineos&geo=UA&hl=en"
"ту 95","500+","February 1, 2025 at 3:40:00 AM UTC","February 1, 2025 at 7:00:00 AM UTC","ту 95,ту 95мс,ту-95","https://trends.google.com/trends/explore?q=%D1%82%D1%83%2095&geo=UA&hl=en"
"новости харькова","500+","February 1, 2025 at 3:40:00 AM UTC","February 1, 2025 at 7:20:00 AM UTC","новости харькова,новости харьков,харьков новости","https://trends.google.com/trends/explore?q=%D0%BD%D0%BE%D0%B2%D0%BE%D1%81%D1%82%D0%B8%20%D1%85%D0%B0%D1%80%D1%8C%D0%BA%D0%BE%D0%B2%D0%B0&geo=UA&hl=en"
"киевстар","500+","January 31, 2025 at 10:20:00 PM UTC","February 1, 2025 at 9:50:00 AM UTC","киевстар","https://trends.google.com/trends/explore?q=%D0%BA%D0%B8%D0%B5%D0%B2%D1%81%D1%82%D0%B0%D1%80&geo=UA&hl=en"
"реал","500+","February 1, 2025 at 9:40:00 PM UTC","February 1, 2025 at 11:10:00 PM UTC","реал","https://trends.google.com/trends/explore?q=%D1%80%D0%B5%D0%B0%D0%BB&geo=UA&hl=en"
"киевводоканал","500+","January 30, 2025 at 3:40:00 PM UTC","January 31, 2025 at 10:20:00 PM UTC","киевводоканал","https://trends.google.com/trends/explore?q=%D0%BA%D0%B8%D0%B5%D0%B2%D0%B2%D0%BE%D0%B4%D0%BE%D0%BA%D0%B0%D0%BD%D0%B0%D0%BB&geo=UA&hl=en"
"доброслав","500+","January 31, 2025 at 5:50:00 PM UTC","February 1, 2025 at 1:30:00 AM UTC","доброслав","https://trends.google.com/trends/explore?q=%D0%B4%D0%BE%D0%B1%D1%80%D0%BE%D1%81%D0%BB%D0%B0%D0%B2&geo=UA&hl=en"
"милан фк","200+","February 2, 2025 at 6:20:00 PM UTC","February 2, 2025 at 7:50:00 PM UTC","милан фк","https://trends.google.com/trends/explore?q=%D0%BC%D0%B8%D0%BB%D0%B0%D0%BD%20%D1%84%D0%BA&geo=UA&hl=en"
"казино онлайн украина","1K+","February 3, 2025 at 2:50:00 AM UTC","February 3, 2025 at 4:10:00 AM UTC","казино онлайн украина,казино онлайн,казино украина,онлайн казино украина,казино","https://trends.google.com/trends/explore?q=%D0%BA%D0%B0%D0%B7%D0%B8%D0%BD%D0%BE%20%D0%BE%D0%BD%D0%BB%D0%B0%D0%B9%D0%BD%20%D1%83%D0%BA%D1%80%D0%B0%D0%B8%D0%BD%D0%B0&geo=UA&hl=en"
"погода миколаїв","100+","February 4, 2025 at 5:40:00 AM UTC","February 4, 2025 at 6:20:00 AM UTC","погода миколаїв","https://trends.google.com/trends/explore?q=%D0%BF%D0%BE%D0%B3%D0%BE%D0%B4%D0%B0%20%D0%BC%D0%B8%D0%BA%D0%BE%D0%BB%D0%B0%D1%97%D0%B2&geo=UA&hl=en"
"биткоин","200+","February 3, 2025 at 3:10:00 AM UTC","February 3, 2025 at 7:00:00 AM UTC","биткоин,курс биткоина к доллару","https://trends.google.com/trends/explore?q=%D0%B1%D0%B8%D1%82%D0%BA%D0%BE%D0%B8%D0%BD&geo=UA&hl=en"
"андреевка","500+","January 31, 2025 at 10:50:00 PM UTC","February 1, 2025 at 6:40:00 AM UTC","андреевка","https://trends.google.com/trends/explore?q=%D0%B0%D0%BD%D0%B4%D1%80%D0%B5%D0%B5%D0%B2%D0%BA%D0%B0&geo=UA&hl=en"
"спортинг – фаренсе","200+","February 2, 2025 at 6:30:00 PM UTC","February 2, 2025 at 10:30:00 PM UTC","спортинг – фаренсе","https://trends.google.com/trends/explore?q=%D1%81%D0%BF%D0%BE%D1%80%D1%82%D0%B8%D0%BD%D0%B3%20%E2%80%93%20%D1%84%D0%B0%D1%80%D0%B5%D0%BD%D1%81%D0%B5&geo=UA&hl=en"
"атлетик – виктория","500+","January 30, 2025 at 7:30:00 PM UTC","January 31, 2025 at 6:30:00 AM UTC","атлетик – виктория","https://trends.google.com/trends/explore?q=%D0%B0%D1%82%D0%BB%D0%B5%D1%82%D0%B8%D0%BA%20%E2%80%93%20%D0%B2%D0%B8%D0%BA%D1%82%D0%BE%D1%80%D0%B8%D1%8F&geo=UA&hl=en"
"нафтогаз україни","200+","February 1, 2025 at 6:30:00 AM UTC","February 1, 2025 at 11:40:00 AM UTC","нафтогаз україни","https://trends.google.com/trends/explore?q=%D0%BD%D0%B0%D1%84%D1%82%D0%BE%D0%B3%D0%B0%D0%B7%20%D1%83%D0%BA%D1%80%D0%B0%D1%97%D0%BD%D0%B8&geo=UA&hl=en"
"ліга європи турнірна таблиця","500+","January 30, 2025 at 8:40:00 PM UTC","January 31, 2025 at 6:50:00 AM UTC","ліга європи турнірна таблиця,лига европы турнірна таблиця","https://trends.google.com/trends/explore?q=%D0%BB%D1%96%D0%B3%D0%B0%20%D1%94%D0%B2%D1%80%D0%BE%D0%BF%D0%B8%20%D1%82%D1%83%D1%80%D0%BD%D1%96%D1%80%D0%BD%D0%B0%20%D1%82%D0%B0%D0%B1%D0%BB%D0%B8%D1%86%D1%8F&geo=UA&hl=en"
"ястремская","500+","February 2, 2025 at 2:20:00 PM UTC","February 2, 2025 at 3:50:00 PM UTC","ястремская,даяна ястремская","https://trends.google.com/trends/explore?q=%D1%8F%D1%81%D1%82%D1%80%D0%B5%D0%BC%D1%81%D0%BA%D0%B0%D1%8F&geo=UA&hl=en"
"нетаньяху","500+","January 28, 2025 at 8:20:00 PM UTC","January 29, 2025 at 7:40:00 AM UTC","нетаньяху","https://trends.google.com/trends/explore?q=%D0%BD%D0%B5%D1%82%D0%B0%D0%BD%D1%8C%D1%8F%D1%85%D1%83&geo=UA&hl=en"
"champions league","1K+","January 29, 2025 at 8:10:00 PM UTC","January 29, 2025 at 11:30:00 PM UTC","champions league,uefa champions league","https://trends.google.com/trends/explore?q=champions%20league&geo=UA&hl=en"
"спорт юа","1K+","January 29, 2025 at 8:40:00 PM UTC","January 30, 2025 at 5:10:00 AM UTC","спорт юа","https://trends.google.com/trends/explore?q=%D1%81%D0%BF%D0%BE%D1%80%D1%82%20%D1%8E%D0%B0&geo=UA&hl=en"
"human","500+","February 3, 2025 at 12:00:00 PM UTC","February 3, 2025 at 12:30:00 PM UTC","human","https://trends.google.com/trends/explore?q=human&geo=UA&hl=en"
"ліверпуль","1K+","January 29, 2025 at 8:20:00 PM UTC","January 29, 2025 at 11:10:00 PM UTC","ліверпуль","https://trends.google.com/trends/explore?q=%D0%BB%D1%96%D0%B2%D0%B5%D1%80%D0%BF%D1%83%D0%BB%D1%8C&geo=UA&hl=en"
"гороскоп на 29 січня","500+","January 28, 2025 at 9:30:00 PM UTC","January 29, 2025 at 8:10:00 PM UTC","гороскоп на 29 січня","https://trends.google.com/trends/explore?q=%D0%B3%D0%BE%D1%80%D0%BE%D1%81%D0%BA%D0%BE%D0%BF%20%D0%BD%D0%B0%2029%20%D1%81%D1%96%D1%87%D0%BD%D1%8F&geo=UA&hl=en"
"масляна 2025","200+","February 2, 2025 at 7:30:00 AM UTC","February 2, 2025 at 10:20:00 AM UTC","масляна 2025","https://trends.google.com/trends/explore?q=%D0%BC%D0%B0%D1%81%D0%BB%D1%8F%D0%BD%D0%B0%202025&geo=UA&hl=en"
"нек – псв","200+","February 1, 2025 at 9:50:00 PM UTC","February 2, 2025 at 7:10:00 AM UTC","нек – псв","https://trends.google.com/trends/explore?q=%D0%BD%D0%B5%D0%BA%20%E2%80%93%20%D0%BF%D1%81%D0%B2&geo=UA&hl=en"
"погода кривой рог","1K+","February 1, 2025 at 4:50:00 AM UTC","February 1, 2025 at 6:30:00 AM UTC","погода кривой рог","https://trends.google.com/trends/explore?q=%D0%BF%D0%BE%D0%B3%D0%BE%D0%B4%D0%B0%20%D0%BA%D1%80%D0%B8%D0%B2%D0%BE%D0%B9%20%D1%80%D0%BE%D0%B3&geo=UA&hl=en"
"лига европы турнирная таблица","200+","January 30, 2025 at 8:20:00 PM UTC","January 31, 2025 at 5:40:00 AM UTC","лига европы турнирная таблица","https://trends.google.com/trends/explore?q=%D0%BB%D0%B8%D0%B3%D0%B0%20%D0%B5%D0%B2%D1%80%D0%BE%D0%BF%D1%8B%20%D1%82%D1%83%D1%80%D0%BD%D0%B8%D1%80%D0%BD%D0%B0%D1%8F%20%D1%82%D0%B0%D0%B1%D0%BB%D0%B8%D1%86%D0%B0&geo=UA&hl=en"
"график отключения света","200+","February 3, 2025 at 1:10:00 PM UTC","February 3, 2025 at 1:50:00 PM UTC","график отключения света,облэнерго","https://trends.google.com/trends/explore?q=%D0%B3%D1%80%D0%B0%D1%84%D0%B8%D0%BA%20%D0%BE%D1%82%D0%BA%D0%BB%D1%8E%D1%87%D0%B5%D0%BD%D0%B8%D1%8F%20%D1%81%D0%B2%D0%B5%D1%82%D0%B0&geo=UA&hl=en"
"станислав колокольников","200+","February 2, 2025 at 12:00:00 PM UTC","February 2, 2025 at 1:20:00 PM UTC","станислав колокольников","https://trends.google.com/trends/explore?q=%D1%81%D1%82%D0%B0%D0%BD%D0%B8%D1%81%D0%BB%D0%B0%D0%B2%20%D0%BA%D0%BE%D0%BB%D0%BE%D0%BA%D0%BE%D0%BB%D1%8C%D0%BD%D0%B8%D0%BA%D0%BE%D0%B2&geo=UA&hl=en"
"магнітні бурі лютий 2025","200+","February 1, 2025 at 8:10:00 AM UTC","February 2, 2025 at 8:00:00 AM UTC","магнітні бурі лютий 2025,магнітні бурі,магнітні бурі сьогодні,магнитні бурі,магнітні бурі січень 2025","https://trends.google.com/trends/explore?q=%D0%BC%D0%B0%D0%B3%D0%BD%D1%96%D1%82%D0%BD%D1%96%20%D0%B1%D1%83%D1%80%D1%96%20%D0%BB%D1%8E%D1%82%D0%B8%D0%B9%202025&geo=UA&hl=en"
"твіч","200+","February 2, 2025 at 7:30:00 PM UTC","February 3, 2025 at 1:00:00 AM UTC","твіч","https://trends.google.com/trends/explore?q=%D1%82%D0%B2%D1%96%D1%87&geo=UA&hl=en"
"николаевский ванек","200+","February 1, 2025 at 3:50:00 AM UTC","February 1, 2025 at 6:30:00 AM UTC","николаевский ванек","https://trends.google.com/trends/explore?q=%D0%BD%D0%B8%D0%BA%D0%BE%D0%BB%D0%B0%D0%B5%D0%B2%D1%81%D0%BA%D0%B8%D0%B9%20%D0%B2%D0%B0%D0%BD%D0%B5%D0%BA&geo=UA&hl=en"
"лига конференций","200+","January 30, 2025 at 9:50:00 PM UTC","January 31, 2025 at 7:10:00 AM UTC","лига конференций","https://trends.google.com/trends/explore?q=%D0%BB%D0%B8%D0%B3%D0%B0%20%D0%BA%D0%BE%D0%BD%D1%84%D0%B5%D1%80%D0%B5%D0%BD%D1%86%D0%B8%D0%B9&geo=UA&hl=en"
"пдфо","200+","February 3, 2025 at 1:40:00 PM UTC","February 3, 2025 at 2:20:00 PM UTC","пдфо","https://trends.google.com/trends/explore?q=%D0%BF%D0%B4%D1%84%D0%BE&geo=UA&hl=en"
"live tv","1K+","January 30, 2025 at 8:10:00 PM UTC","January 30, 2025 at 9:10:00 PM UTC","live tv","https://trends.google.com/trends/explore?q=live%20tv&geo=UA&hl=en"
"су 57","1K+","January 29, 2025 at 4:40:00 PM UTC","January 29, 2025 at 7:30:00 PM UTC","су 57","https://trends.google.com/trends/explore?q=%D1%81%D1%83%2057&geo=UA&hl=en"
"охтирка","200+","January 31, 2025 at 10:50:00 PM UTC","February 1, 2025 at 6:40:00 AM UTC","охтирка","https://trends.google.com/trends/explore?q=%D0%BE%D1%85%D1%82%D0%B8%D1%80%D0%BA%D0%B0&geo=UA&hl=en"
"левадіакос – олімпіакос","200+","February 2, 2025 at 3:20:00 PM UTC","February 2, 2025 at 5:30:00 PM UTC","левадіакос – олімпіакос","https://trends.google.com/trends/explore?q=%D0%BB%D0%B5%D0%B2%D0%B0%D0%B4%D1%96%D0%B0%D0%BA%D0%BE%D1%81%20%E2%80%93%20%D0%BE%D0%BB%D1%96%D0%BC%D0%BF%D1%96%D0%B0%D0%BA%D0%BE%D1%81&geo=UA&hl=en"
"штурм – рб лейпциг","200+","January 29, 2025 at 8:00:00 PM UTC","January 30, 2025 at 7:10:00 AM UTC","штурм – рб лейпциг","https://trends.google.com/trends/explore?q=%D1%88%D1%82%D1%83%D1%80%D0%BC%20%E2%80%93%20%D1%80%D0%B1%20%D0%BB%D0%B5%D0%B9%D0%BF%D1%86%D0%B8%D0%B3&geo=UA&hl=en"
"ліга конференцій","200+","January 30, 2025 at 10:00:00 PM UTC","January 31, 2025 at 7:00:00 AM UTC","ліга конференцій,таблиця коефіцієнтів уєфа","https://trends.google.com/trends/explore?q=%D0%BB%D1%96%D0%B3%D0%B0%20%D0%BA%D0%BE%D0%BD%D1%84%D0%B5%D1%80%D0%B5%D0%BD%D1%86%D1%96%D0%B9&geo=UA&hl=en"
"дима билан","200+","February 2, 2025 at 7:50:00 PM UTC","February 2, 2025 at 9:10:00 PM UTC","дима билан","https://trends.google.com/trends/explore?q=%D0%B4%D0%B8%D0%BC%D0%B0%20%D0%B1%D0%B8%D0%BB%D0%B0%D0%BD&geo=UA&hl=en"
"армор","200+","February 1, 2025 at 5:00:00 PM UTC","February 1, 2025 at 6:30:00 PM UTC","армор","https://trends.google.com/trends/explore?q=%D0%B0%D1%80%D0%BC%D0%BE%D1%80&geo=UA&hl=en"
"астон вилла – селтик","500+","January 29, 2025 at 8:40:00 PM UTC","January 30, 2025 at 6:10:00 AM UTC","астон вилла – селтик,астон вилла","https://trends.google.com/trends/explore?q=%D0%B0%D1%81%D1%82%D0%BE%D0%BD%20%D0%B2%D0%B8%D0%BB%D0%BB%D0%B0%20%E2%80%93%20%D1%81%D0%B5%D0%BB%D1%82%D0%B8%D0%BA&geo=UA&hl=en"
"калужская область","500+","February 1, 2025 at 5:20:00 AM UTC","February 1, 2025 at 6:40:00 AM UTC","калужская область","https://trends.google.com/trends/explore?q=%D0%BA%D0%B0%D0%BB%D1%83%D0%B6%D1%81%D0%BA%D0%B0%D1%8F%20%D0%BE%D0%B1%D0%BB%D0%B0%D1%81%D1%82%D1%8C&geo=UA&hl=en"
"университарио – интер майами","500+","January 30, 2025 at 3:50:00 AM UTC","January 30, 2025 at 7:10:00 AM UTC","университарио – интер майами","https://trends.google.com/trends/explore?q=%D1%83%D0%BD%D0%B8%D0%B2%D0%B5%D1%80%D1%81%D0%B8%D1%82%D0%B0%D1%80%D0%B8%D0%BE%20%E2%80%93%20%D0%B8%D0%BD%D1%82%D0%B5%D1%80%20%D0%BC%D0%B0%D0%B9%D0%B0%D0%BC%D0%B8&geo=UA&hl=en"
"gg","500+","January 31, 2025 at 1:00:00 AM UTC","January 31, 2025 at 4:50:00 AM UTC","gg","https://trends.google.com/trends/explore?q=gg&geo=UA&hl=en"
"лохвиця","500+","January 31, 2025 at 11:00:00 PM UTC","February 1, 2025 at 12:20:00 AM UTC","лохвиця,гадяч","https://trends.google.com/trends/explore?q=%D0%BB%D0%BE%D1%85%D0%B2%D0%B8%D1%86%D1%8F&geo=UA&hl=en"
"снукер","200+","February 3, 2025 at 3:50:00 AM UTC","February 3, 2025 at 5:30:00 AM UTC","снукер","https://trends.google.com/trends/explore?q=%D1%81%D0%BD%D1%83%D0%BA%D0%B5%D1%80&geo=UA&hl=en"
"coinmarketcap","100+","February 3, 2025 at 2:00:00 AM UTC","February 3, 2025 at 5:30:00 AM UTC","coinmarketcap","https://trends.google.com/trends/explore?q=coinmarketcap&geo=UA&hl=en"
"игорь янковский","200+","January 31, 2025 at 7:50:00 PM UTC","February 1, 2025 at 10:00:00 PM UTC","игорь янковский","https://trends.google.com/trends/explore?q=%D0%B8%D0%B3%D0%BE%D1%80%D1%8C%20%D1%8F%D0%BD%D0%BA%D0%BE%D0%B2%D1%81%D0%BA%D0%B8%D0%B9&geo=UA&hl=en"
"вознесенск","200+","January 31, 2025 at 8:10:00 PM UTC","January 31, 2025 at 11:50:00 PM UTC","вознесенск","https://trends.google.com/trends/explore?q=%D0%B2%D0%BE%D0%B7%D0%BD%D0%B5%D1%81%D0%B5%D0%BD%D1%81%D0%BA&geo=UA&hl=en"
"іпсвіч – саутгемптон","200+","February 1, 2025 at 4:20:00 PM UTC","February 1, 2025 at 6:10:00 PM UTC","іпсвіч – саутгемптон","https://trends.google.com/trends/explore?q=%D1%96%D0%BF%D1%81%D0%B2%D1%96%D1%87%20%E2%80%93%20%D1%81%D0%B0%D1%83%D1%82%D0%B3%D0%B5%D0%BC%D0%BF%D1%82%D0%BE%D0%BD&geo=UA&hl=en"
"балаклія","200+","February 2, 2025 at 4:10:00 PM UTC","February 2, 2025 at 5:00:00 PM UTC","балаклія","https://trends.google.com/trends/explore?q=%D0%B1%D0%B0%D0%BB%D0%B0%D0%BA%D0%BB%D1%96%D1%8F&geo=UA&hl=en"
"очаков","500+","January 31, 2025 at 10:30:00 PM UTC","January 31, 2025 at 11:40:00 PM UTC","очаков","https://trends.google.com/trends/explore?q=%D0%BE%D1%87%D0%B0%D0%BA%D0%BE%D0%B2&geo=UA&hl=en"
"псж","1K+","January 29, 2025 at 8:50:00 PM UTC","January 29, 2025 at 10:30:00 PM UTC","псж","https://trends.google.com/trends/explore?q=%D0%BF%D1%81%D0%B6&geo=UA&hl=en"
"погода кривий ріг","200+","February 1, 2025 at 4:00:00 AM UTC","February 1, 2025 at 7:30:00 AM UTC","погода кривий ріг","https://trends.google.com/trends/explore?q=%D0%BF%D0%BE%D0%B3%D0%BE%D0%B4%D0%B0%20%D0%BA%D1%80%D0%B8%D0%B2%D0%B8%D0%B9%20%D1%80%D1%96%D0%B3&geo=UA&hl=en"
"football","200+","January 29, 2025 at 8:10:00 PM UTC","January 30, 2025 at 6:00:00 AM UTC","football","https://trends.google.com/trends/explore?q=football&geo=UA&hl=en"
"погода суми","100+","February 3, 2025 at 4:20:00 AM UTC","February 3, 2025 at 6:00:00 AM UTC","погода суми","https://trends.google.com/trends/explore?q=%D0%BF%D0%BE%D0%B3%D0%BE%D0%B4%D0%B0%20%D1%81%D1%83%D0%BC%D0%B8&geo=UA&hl=en"
"баштанка","500+","January 31, 2025 at 5:00:00 PM UTC","January 31, 2025 at 6:10:00 PM UTC","баштанка","https://trends.google.com/trends/explore?q=%D0%B1%D0%B0%D1%88%D1%82%D0%B0%D0%BD%D0%BA%D0%B0&geo=UA&hl=en"
"саид нурмагомедов","200+","February 1, 2025 at 5:50:00 PM UTC","February 1, 2025 at 7:10:00 PM UTC","саид нурмагомедов","https://trends.google.com/trends/explore?q=%D1%81%D0%B0%D0%B8%D0%B4%20%D0%BD%D1%83%D1%80%D0%BC%D0%B0%D0%B3%D0%BE%D0%BC%D0%B5%D0%B4%D0%BE%D0%B2&geo=UA&hl=en"
"poppy playtime chapter 4","200+","January 30, 2025 at 4:40:00 PM UTC","January 30, 2025 at 7:30:00 PM UTC","poppy playtime chapter 4","https://trends.google.com/trends/explore?q=poppy%20playtime%20chapter%204&geo=UA&hl=en"
"калуга","200+","February 1, 2025 at 5:20:00 AM UTC","February 1, 2025 at 6:40:00 AM UTC","калуга","https://trends.google.com/trends/explore?q=%D0%BA%D0%B0%D0%BB%D1%83%D0%B3%D0%B0&geo=UA&hl=en"
"анджелина джоли","100+","February 2, 2025 at 7:40:00 PM UTC","February 2, 2025 at 8:40:00 PM UTC","анджелина джоли","https://trends.google.com/trends/explore?q=%D0%B0%D0%BD%D0%B4%D0%B6%D0%B5%D0%BB%D0%B8%D0%BD%D0%B0%20%D0%B4%D0%B6%D0%BE%D0%BB%D0%B8&geo=UA&hl=en"
"старкон","200+","February 1, 2025 at 6:00:00 AM UTC","February 1, 2025 at 7:30:00 AM UTC","старкон","https://trends.google.com/trends/explore?q=%D1%81%D1%82%D0%B0%D1%80%D0%BA%D0%BE%D0%BD&geo=UA&hl=en"
"5080","200+","January 30, 2025 at 3:20:00 PM UTC","January 31, 2025 at 7:00:00 AM UTC","5080,rtx 5090","https://trends.google.com/trends/explore?q=5080&geo=UA&hl=en"
"vodafone","200+","January 31, 2025 at 11:00:00 PM UTC","February 1, 2025 at 8:20:00 AM UTC","vodafone","https://trends.google.com/trends/explore?q=vodafone&geo=UA&hl=en"
"олімпіакос – карабах","200+","January 30, 2025 at 9:50:00 PM UTC","January 31, 2025 at 6:10:00 AM UTC","олімпіакос – карабах","https://trends.google.com/trends/explore?q=%D0%BE%D0%BB%D1%96%D0%BC%D0%BF%D1%96%D0%B0%D0%BA%D0%BE%D1%81%20%E2%80%93%20%D0%BA%D0%B0%D1%80%D0%B0%D0%B1%D0%B0%D1%85&geo=UA&hl=en"
"хасан асхабов","200+","January 31, 2025 at 8:00:00 PM UTC","January 31, 2025 at 10:00:00 PM UTC","хасан асхабов","https://trends.google.com/trends/explore?q=%D1%85%D0%B0%D1%81%D0%B0%D0%BD%20%D0%B0%D1%81%D1%85%D0%B0%D0%B1%D0%BE%D0%B2&geo=UA&hl=en"
"казино україни","500+","January 31, 2025 at 1:30:00 AM UTC","January 31, 2025 at 4:50:00 AM UTC","казино україни,казіно україни,казино онлайн,казино","https://trends.google.com/trends/explore?q=%D0%BA%D0%B0%D0%B7%D0%B8%D0%BD%D0%BE%20%D1%83%D0%BA%D1%80%D0%B0%D1%97%D0%BD%D0%B8&geo=UA&hl=en"
"словаччина","200+","January 28, 2025 at 8:00:00 PM UTC","January 29, 2025 at 6:30:00 AM UTC","словаччина,роберт фіцо","https://trends.google.com/trends/explore?q=%D1%81%D0%BB%D0%BE%D0%B2%D0%B0%D1%87%D1%87%D0%B8%D0%BD%D0%B0&geo=UA&hl=en"
"сміла","200+","January 31, 2025 at 10:50:00 PM UTC","February 1, 2025 at 12:00:00 AM UTC","сміла","https://trends.google.com/trends/explore?q=%D1%81%D0%BC%D1%96%D0%BB%D0%B0&geo=UA&hl=en"
"football ua","200+","January 29, 2025 at 8:50:00 PM UTC","January 30, 2025 at 4:10:00 AM UTC","football ua","https://trends.google.com/trends/explore?q=football%20ua&geo=UA&hl=en"
"умеров","200+","January 28, 2025 at 8:00:00 PM UTC","January 29, 2025 at 5:00:00 AM UTC","умеров","https://trends.google.com/trends/explore?q=%D1%83%D0%BC%D0%B5%D1%80%D0%BE%D0%B2&geo=UA&hl=en"
"херсонес","200+","February 1, 2025 at 4:50:00 PM UTC","February 1, 2025 at 5:50:00 PM UTC","херсонес","https://trends.google.com/trends/explore?q=%D1%85%D0%B5%D1%80%D1%81%D0%BE%D0%BD%D0%B5%D1%81&geo=UA&hl=en"
"результати матчів","500+","January 29, 2025 at 9:10:00 PM UTC","January 29, 2025 at 11:00:00 PM UTC","результати матчів","https://trends.google.com/trends/explore?q=%D1%80%D0%B5%D0%B7%D1%83%D0%BB%D1%8C%D1%82%D0%B0%D1%82%D0%B8%20%D0%BC%D0%B0%D1%82%D1%87%D1%96%D0%B2&geo=UA&hl=en"
"human","1K+","January 29, 2025 at 6:30:00 AM UTC","January 29, 2025 at 8:00:00 AM UTC","human","https://trends.google.com/trends/explore?q=human&geo=UA&hl=en"
"катар","100+","February 1, 2025 at 10:00:00 PM UTC","February 2, 2025 at 7:10:00 AM UTC","катар","https://trends.google.com/trends/explore?q=%D0%BA%D0%B0%D1%82%D0%B0%D1%80&geo=UA&hl=en"
"кропивницький","200+","January 31, 2025 at 10:40:00 PM UTC","January 31, 2025 at 11:50:00 PM UTC","кропивницький","https://trends.google.com/trends/explore?q=%D0%BA%D1%80%D0%BE%D0%BF%D0%B8%D0%B2%D0%BD%D0%B8%D1%86%D1%8C%D0%BA%D0%B8%D0%B9&geo=UA&hl=en"
"гороскоп на 31 січня","200+","January 31, 2025 at 5:30:00 AM UTC","January 31, 2025 at 7:50:00 AM UTC","гороскоп на 31 січня","https://trends.google.com/trends/explore?q=%D0%B3%D0%BE%D1%80%D0%BE%D1%81%D0%BA%D0%BE%D0%BF%20%D0%BD%D0%B0%2031%20%D1%81%D1%96%D1%87%D0%BD%D1%8F&geo=UA&hl=en"
"my football","500+","January 29, 2025 at 8:00:00 PM UTC","January 29, 2025 at 9:30:00 PM UTC","my football","https://trends.google.com/trends/explore?q=my%20football&geo=UA&hl=en"
"ювентус","200+","January 29, 2025 at 9:00:00 PM UTC","January 29, 2025 at 11:00:00 PM UTC","ювентус","https://trends.google.com/trends/explore?q=%D1%8E%D0%B2%D0%B5%D0%BD%D1%82%D1%83%D1%81&geo=UA&hl=en"
"курс евро","100+","February 4, 2025 at 2:30:00 AM UTC","February 4, 2025 at 3:10:00 AM UTC","курс евро,курс доллара к гривне","https://trends.google.com/trends/explore?q=%D0%BA%D1%83%D1%80%D1%81%20%D0%B5%D0%B2%D1%80%D0%BE&geo=UA&hl=en"
"гороскоп на сьогодні","100+","February 3, 2025 at 5:20:00 AM UTC","February 3, 2025 at 6:20:00 AM UTC","гороскоп на сьогодні","https://trends.google.com/trends/explore?q=%D0%B3%D0%BE%D1%80%D0%BE%D1%81%D0%BA%D0%BE%D0%BF%20%D0%BD%D0%B0%20%D1%81%D1%8C%D0%BE%D0%B3%D0%BE%D0%B4%D0%BD%D1%96&geo=UA&hl=en"
"балаклія","200+","February 1, 2025 at 5:40:00 AM UTC","February 1, 2025 at 6:50:00 AM UTC","балаклія","https://trends.google.com/trends/explore?q=%D0%B1%D0%B0%D0%BB%D0%B0%D0%BA%D0%BB%D1%96%D1%8F&geo=UA&hl=en"
"тревога украина","200+","February 1, 2025 at 4:20:00 AM UTC","February 1, 2025 at 6:00:00 AM UTC","тревога украина,воздушная тревога","https://trends.google.com/trends/explore?q=%D1%82%D1%80%D0%B5%D0%B2%D0%BE%D0%B3%D0%B0%20%D1%83%D0%BA%D1%80%D0%B0%D0%B8%D0%BD%D0%B0&geo=UA&hl=en"
"гуантанамо","200+","January 29, 2025 at 9:10:00 PM UTC","January 29, 2025 at 11:30:00 PM UTC","гуантанамо","https://trends.google.com/trends/explore?q=%D0%B3%D1%83%D0%B0%D0%BD%D1%82%D0%B0%D0%BD%D0%B0%D0%BC%D0%BE&geo=UA&hl=en"
"набу","500+","January 28, 2025 at 8:10:00 PM UTC","January 28, 2025 at 10:30:00 PM UTC","набу,набу умеров,умєров","https://trends.google.com/trends/explore?q=%D0%BD%D0%B0%D0%B1%D1%83&geo=UA&hl=en"
"газ","200+","February 1, 2025 at 7:00:00 AM UTC","February 1, 2025 at 9:20:00 AM UTC","газ","https://trends.google.com/trends/explore?q=%D0%B3%D0%B0%D0%B7&geo=UA&hl=en"
"волгоградская область","200+","February 1, 2025 at 5:30:00 AM UTC","February 1, 2025 at 6:40:00 AM UTC","волгоградская область","https://trends.google.com/trends/explore?q=%D0%B2%D0%BE%D0%BB%D0%B3%D0%BE%D0%B3%D1%80%D0%B0%D0%B4%D1%81%D0%BA%D0%B0%D1%8F%20%D0%BE%D0%B1%D0%BB%D0%B0%D1%81%D1%82%D1%8C&geo=UA&hl=en"
"бавария","200+","January 29, 2025 at 8:50:00 PM UTC","January 29, 2025 at 11:00:00 PM UTC","бавария","https://trends.google.com/trends/explore?q=%D0%B1%D0%B0%D0%B2%D0%B0%D1%80%D0%B8%D1%8F&geo=UA&hl=en"
"the hill","200+","January 30, 2025 at 8:30:00 PM UTC","January 30, 2025 at 10:00:00 PM UTC","the hill","https://trends.google.com/trends/explore?q=the%20hill&geo=UA&hl=en"
"ea","200+","January 28, 2025 at 8:00:00 PM UTC","January 28, 2025 at 10:20:00 PM UTC","ea","https://trends.google.com/trends/explore?q=ea&geo=UA&hl=en"
"usaid ukraine","100+","February 2, 2025 at 9:00:00 PM UTC","February 2, 2025 at 9:40:00 PM UTC","usaid ukraine","https://trends.google.com/trends/explore?q=usaid%20ukraine&geo=UA&hl=en"
"воронеж","200+","January 31, 2025 at 11:10:00 PM UTC","February 1, 2025 at 12:10:00 AM UTC","воронеж","https://trends.google.com/trends/explore?q=%D0%B2%D0%BE%D1%80%D0%BE%D0%BD%D0%B5%D0%B6&geo=UA&hl=en"
"мілан","200+","January 29, 2025 at 9:20:00 PM UTC","January 29, 2025 at 11:10:00 PM UTC","мілан","https://trends.google.com/trends/explore?q=%D0%BC%D1%96%D0%BB%D0%B0%D0%BD&geo=UA&hl=en"
"николь кидман","200+","February 1, 2025 at 9:40:00 PM UTC","February 1, 2025 at 10:30:00 PM UTC","николь кидман","https://trends.google.com/trends/explore?q=%D0%BD%D0%B8%D0%BA%D0%BE%D0%BB%D1%8C%20%D0%BA%D0%B8%D0%B4%D0%BC%D0%B0%D0%BD&geo=UA&hl=en"
"naftogaz","100+","February 1, 2025 at 7:20:00 AM UTC","February 1, 2025 at 9:30:00 AM UTC","naftogaz","https://trends.google.com/trends/explore?q=naftogaz&geo=UA&hl=en"
"тцк вибух","200+","February 2, 2025 at 2:50:00 PM UTC","February 2, 2025 at 3:20:00 PM UTC","тцк вибух,євген карась","https://trends.google.com/trends/explore?q=%D1%82%D1%86%D0%BA%20%D0%B2%D0%B8%D0%B1%D1%83%D1%85&geo=UA&hl=en"
"kick","200+","January 30, 2025 at 6:20:00 PM UTC","January 30, 2025 at 7:30:00 PM UTC","kick","https://trends.google.com/trends/explore?q=kick&geo=UA&hl=en"
"gg","200+","February 1, 2025 at 2:20:00 AM UTC","February 1, 2025 at 4:20:00 AM UTC","gg","https://trends.google.com/trends/explore?q=gg&geo=UA&hl=en"
"бпла молния","200+","January 30, 2025 at 8:40:00 AM UTC","January 30, 2025 at 9:50:00 AM UTC","бпла молния","https://trends.google.com/trends/explore?q=%D0%B1%D0%BF%D0%BB%D0%B0%20%D0%BC%D0%BE%D0%BB%D0%BD%D0%B8%D1%8F&geo=UA&hl=en"
"бонусы за регистрацию","100+","February 3, 2025 at 2:20:00 AM UTC","February 3, 2025 at 3:30:00 AM UTC","бонусы за регистрацию","https://trends.google.com/trends/explore?q=%D0%B1%D0%BE%D0%BD%D1%83%D1%81%D1%8B%20%D0%B7%D0%B0%20%D1%80%D0%B5%D0%B3%D0%B8%D1%81%D1%82%D1%80%D0%B0%D1%86%D0%B8%D1%8E&geo=UA&hl=en"
"часів яр","200+","January 30, 2025 at 7:30:00 AM UTC","January 30, 2025 at 9:20:00 AM UTC","часів яр","https://trends.google.com/trends/explore?q=%D1%87%D0%B0%D1%81%D1%96%D0%B2%20%D1%8F%D1%80&geo=UA&hl=en"
"кропивницький","200+","January 31, 2025 at 4:50:00 AM UTC","January 31, 2025 at 8:20:00 AM UTC","кропивницький","https://trends.google.com/trends/explore?q=%D0%BA%D1%80%D0%BE%D0%BF%D0%B8%D0%B2%D0%BD%D0%B8%D1%86%D1%8C%D0%BA%D0%B8%D0%B9&geo=UA&hl=en"
"буданов","200+","January 31, 2025 at 7:30:00 PM UTC","January 31, 2025 at 8:10:00 PM UTC","буданов","https://trends.google.com/trends/explore?q=%D0%B1%D1%83%D0%B4%D0%B0%D0%BD%D0%BE%D0%B2&geo=UA&hl=en"
"окко","200+","January 29, 2025 at 7:50:00 PM UTC","January 29, 2025 at 9:20:00 PM UTC","окко","https://trends.google.com/trends/explore?q=%D0%BE%D0%BA%D0%BA%D0%BE&geo=UA&hl=en"
"реал сосьєдад – паок","100+","January 30, 2025 at 10:10:00 PM UTC","January 31, 2025 at 5:10:00 AM UTC","реал сосьєдад – паок,реал сосьедад – паок","https://trends.google.com/trends/explore?q=%D1%80%D0%B5%D0%B0%D0%BB%20%D1%81%D0%BE%D1%81%D1%8C%D1%94%D0%B4%D0%B0%D0%B4%20%E2%80%93%20%D0%BF%D0%B0%D0%BE%D0%BA&geo=UA&hl=en"
"суспільне спорт","500+","January 29, 2025 at 9:40:00 AM UTC","January 29, 2025 at 10:40:00 AM UTC","суспільне спорт","https://trends.google.com/trends/explore?q=%D1%81%D1%83%D1%81%D0%BF%D1%96%D0%BB%D1%8C%D0%BD%D0%B5%20%D1%81%D0%BF%D0%BE%D1%80%D1%82&geo=UA&hl=en"
"новомлинськ","100+","January 31, 2025 at 5:10:00 PM UTC","February 1, 2025 at 3:40:00 AM UTC","новомлинськ","https://trends.google.com/trends/explore?q=%D0%BD%D0%BE%D0%B2%D0%BE%D0%BC%D0%BB%D0%B8%D0%BD%D1%81%D1%8C%D0%BA&geo=UA&hl=en"
"погода кропивницький","100+","February 1, 2025 at 2:40:00 AM UTC","February 1, 2025 at 4:30:00 AM UTC","погода кропивницький","https://trends.google.com/trends/explore?q=%D0%BF%D0%BE%D0%B3%D0%BE%D0%B4%D0%B0%20%D0%BA%D1%80%D0%BE%D0%BF%D0%B8%D0%B2%D0%BD%D0%B8%D1%86%D1%8C%D0%BA%D0%B8%D0%B9&geo=UA&hl=en"
"live","200+","January 29, 2025 at 8:20:00 PM UTC","January 29, 2025 at 9:20:00 PM UTC","live,bombardier crj700","https://trends.google.com/trends/explore?q=live&geo=UA&hl=en"
"фаворит","200+","January 29, 2025 at 8:50:00 PM UTC","January 29, 2025 at 10:10:00 PM UTC","фаворит","https://trends.google.com/trends/explore?q=%D1%84%D0%B0%D0%B2%D0%BE%D1%80%D0%B8%D1%82&geo=UA&hl=en"
"брайс митчелл","100+","February 2, 2025 at 11:30:00 AM UTC","February 2, 2025 at 12:20:00 PM UTC","брайс митчелл","https://trends.google.com/trends/explore?q=%D0%B1%D1%80%D0%B0%D0%B9%D1%81%20%D0%BC%D0%B8%D1%82%D1%87%D0%B5%D0%BB%D0%BB&geo=UA&hl=en"
"землетрясение в полтаве","100+","February 1, 2025 at 5:40:00 PM UTC","February 1, 2025 at 6:20:00 PM UTC","землетрясение в полтаве","https://trends.google.com/trends/explore?q=%D0%B7%D0%B5%D0%BC%D0%BB%D0%B5%D1%82%D1%80%D1%8F%D1%81%D0%B5%D0%BD%D0%B8%D0%B5%20%D0%B2%20%D0%BF%D0%BE%D0%BB%D1%82%D0%B0%D0%B2%D0%B5&geo=UA&hl=en"
"конотоп","100+","February 1, 2025 at 4:30:00 AM UTC","February 1, 2025 at 5:40:00 AM UTC","конотоп","https://trends.google.com/trends/explore?q=%D0%BA%D0%BE%D0%BD%D0%BE%D1%82%D0%BE%D0%BF&geo=UA&hl=en"
"мартін баколе","100+","February 2, 2025 at 5:50:00 PM UTC","February 2, 2025 at 6:20:00 PM UTC","мартін баколе","https://trends.google.com/trends/explore?q=%D0%BC%D0%B0%D1%80%D1%82%D1%96%D0%BD%20%D0%B1%D0%B0%D0%BA%D0%BE%D0%BB%D0%B5&geo=UA&hl=en"
"київстар","100+","January 31, 2025 at 11:10:00 PM UTC","February 1, 2025 at 7:10:00 AM UTC","київстар","https://trends.google.com/trends/explore?q=%D0%BA%D0%B8%D1%97%D0%B2%D1%81%D1%82%D0%B0%D1%80&geo=UA&hl=en"
"тревога","200+","January 31, 2025 at 5:50:00 AM UTC","January 31, 2025 at 6:50:00 AM UTC","тревога,воздушная тревога","https://trends.google.com/trends/explore?q=%D1%82%D1%80%D0%B5%D0%B2%D0%BE%D0%B3%D0%B0&geo=UA&hl=en"
"трабзонспор","100+","February 1, 2025 at 1:40:00 PM UTC","February 1, 2025 at 2:40:00 PM UTC","трабзонспор","https://trends.google.com/trends/explore?q=%D1%82%D1%80%D0%B0%D0%B1%D0%B7%D0%BE%D0%BD%D1%81%D0%BF%D0%BE%D1%80&geo=UA&hl=en"
"масленица 2025","100+","February 2, 2025 at 8:10:00 AM UTC","February 2, 2025 at 8:50:00 AM UTC","масленица 2025","https://trends.google.com/trends/explore?q=%D0%BC%D0%B0%D1%81%D0%BB%D0%B5%D0%BD%D0%B8%D1%86%D0%B0%202025&geo=UA&hl=en"
"вениславский","200+","January 28, 2025 at 5:10:00 PM UTC","January 28, 2025 at 6:40:00 PM UTC","вениславский","https://trends.google.com/trends/explore?q=%D0%B2%D0%B5%D0%BD%D0%B8%D1%81%D0%BB%D0%B0%D0%B2%D1%81%D0%BA%D0%B8%D0%B9&geo=UA&hl=en"
"новости николаева","200+","January 28, 2025 at 6:30:00 PM UTC","January 29, 2025 at 5:00:00 AM UTC","новости николаева","https://trends.google.com/trends/explore?q=%D0%BD%D0%BE%D0%B2%D0%BE%D1%81%D1%82%D0%B8%20%D0%BD%D0%B8%D0%BA%D0%BE%D0%BB%D0%B0%D0%B5%D0%B2%D0%B0&geo=UA&hl=en"
"новини львів","100+","February 1, 2025 at 5:20:00 AM UTC","February 1, 2025 at 6:00:00 AM UTC","новини львів","https://trends.google.com/trends/explore?q=%D0%BD%D0%BE%D0%B2%D0%B8%D0%BD%D0%B8%20%D0%BB%D1%8C%D0%B2%D1%96%D0%B2&geo=UA&hl=en"
"конституційний суд україни","100+","February 1, 2025 at 3:10:00 PM UTC","February 1, 2025 at 3:50:00 PM UTC","конституційний суд україни","https://trends.google.com/trends/explore?q=%D0%BA%D0%BE%D0%BD%D1%81%D1%82%D0%B8%D1%82%D1%83%D1%86%D1%96%D0%B9%D0%BD%D0%B8%D0%B9%20%D1%81%D1%83%D0%B4%20%D1%83%D0%BA%D1%80%D0%B0%D1%97%D0%BD%D0%B8&geo=UA&hl=en"
"удинезе – венеция","100+","February 1, 2025 at 4:00:00 PM UTC","February 1, 2025 at 4:50:00 PM UTC","удинезе – венеция","https://trends.google.com/trends/explore?q=%D1%83%D0%B4%D0%B8%D0%BD%D0%B5%D0%B7%D0%B5%20%E2%80%93%20%D0%B2%D0%B5%D0%BD%D0%B5%D1%86%D0%B8%D1%8F&geo=UA&hl=en"
"human","200+","January 31, 2025 at 7:00:00 AM UTC","January 31, 2025 at 7:30:00 AM UTC","human","https://trends.google.com/trends/explore?q=human&geo=UA&hl=en"
"таганрог","100+","January 30, 2025 at 10:00:00 PM UTC","January 30, 2025 at 11:10:00 PM UTC","таганрог","https://trends.google.com/trends/explore?q=%D1%82%D0%B0%D0%B3%D0%B0%D0%BD%D1%80%D0%BE%D0%B3&geo=UA&hl=en"
"бровари","100+","January 31, 2025 at 6:10:00 AM UTC","January 31, 2025 at 7:10:00 AM UTC","бровари","https://trends.google.com/trends/explore?q=%D0%B1%D1%80%D0%BE%D0%B2%D0%B0%D1%80%D0%B8&geo=UA&hl=en"
"трибуна","100+","January 29, 2025 at 9:30:00 PM UTC","January 29, 2025 at 11:10:00 PM UTC","трибуна","https://trends.google.com/trends/explore?q=%D1%82%D1%80%D0%B8%D0%B1%D1%83%D0%BD%D0%B0&geo=UA&hl=en"
"онлайн казино украина","100+","February 1, 2025 at 1:40:00 AM UTC","February 1, 2025 at 4:30:00 AM UTC","онлайн казино украина","https://trends.google.com/trends/explore?q=%D0%BE%D0%BD%D0%BB%D0%B0%D0%B9%D0%BD%20%D0%BA%D0%B0%D0%B7%D0%B8%D0%BD%D0%BE%20%D1%83%D0%BA%D1%80%D0%B0%D0%B8%D0%BD%D0%B0&geo=UA&hl=en"
"новолуние январь 2025","100+","January 29, 2025 at 3:20:00 AM UTC","January 29, 2025 at 1:20:00 PM UTC","новолуние январь 2025","https://trends.google.com/trends/explore?q=%D0%BD%D0%BE%D0%B2%D0%BE%D0%BB%D1%83%D0%BD%D0%B8%D0%B5%20%D1%8F%D0%BD%D0%B2%D0%B0%D1%80%D1%8C%202025&geo=UA&hl=en"
"останні новини","100+","February 1, 2025 at 5:30:00 AM UTC","February 1, 2025 at 6:40:00 AM UTC","останні новини","https://trends.google.com/trends/explore?q=%D0%BE%D1%81%D1%82%D0%B0%D0%BD%D0%BD%D1%96%20%D0%BD%D0%BE%D0%B2%D0%B8%D0%BD%D0%B8&geo=UA&hl=en"
"василь чайка","100+","January 30, 2025 at 3:30:00 PM UTC","January 30, 2025 at 4:30:00 PM UTC","василь чайка","https://trends.google.com/trends/explore?q=%D0%B2%D0%B0%D1%81%D0%B8%D0%BB%D1%8C%20%D1%87%D0%B0%D0%B9%D0%BA%D0%B0&geo=UA&hl=en"
"госуслуги","200+","January 31, 2025 at 6:40:00 AM UTC","January 31, 2025 at 7:20:00 AM UTC","госуслуги","https://trends.google.com/trends/explore?q=%D0%B3%D0%BE%D1%81%D1%83%D1%81%D0%BB%D1%83%D0%B3%D0%B8&geo=UA&hl=en"
"законопроект 12457","200+","January 31, 2025 at 4:20:00 AM UTC","January 31, 2025 at 5:30:00 AM UTC","законопроект 12457,обмежено придатний влк","https://trends.google.com/trends/explore?q=%D0%B7%D0%B0%D0%BA%D0%BE%D0%BD%D0%BE%D0%BF%D1%80%D0%BE%D0%B5%D0%BA%D1%82%2012457&geo=UA&hl=en"
"чемпіон","100+","February 1, 2025 at 1:50:00 AM UTC","February 1, 2025 at 4:00:00 AM UTC","чемпіон","https://trends.google.com/trends/explore?q=%D1%87%D0%B5%D0%BC%D0%BF%D1%96%D0%BE%D0%BD&geo=UA&hl=en"
"ставка фрс","100+","January 29, 2025 at 7:00:00 PM UTC","January 29, 2025 at 8:00:00 PM UTC","ставка фрс","https://trends.google.com/trends/explore?q=%D1%81%D1%82%D0%B0%D0%B2%D0%BA%D0%B0%20%D1%84%D1%80%D1%81&geo=UA&hl=en"
"дженнифер лопес","100+","January 31, 2025 at 8:50:00 PM UTC","January 31, 2025 at 9:30:00 PM UTC","дженнифер лопес","https://trends.google.com/trends/explore?q=%D0%B4%D0%B6%D0%B5%D0%BD%D0%BD%D0%B8%D1%84%D0%B5%D1%80%20%D0%BB%D0%BE%D0%BF%D0%B5%D1%81&geo=UA&hl=en"
"румунія","200+","January 30, 2025 at 9:30:00 AM UTC","January 30, 2025 at 10:10:00 AM UTC","румунія,укр правда","https://trends.google.com/trends/explore?q=%D1%80%D1%83%D0%BC%D1%83%D0%BD%D1%96%D1%8F&geo=UA&hl=en"
"babygirl","100+","February 1, 2025 at 11:10:00 PM UTC","February 1, 2025 at 11:40:00 PM UTC","babygirl","https://trends.google.com/trends/explore?q=babygirl&geo=UA&hl=en"
"gg","100+","January 30, 2025 at 2:40:00 AM UTC","January 30, 2025 at 3:50:00 AM UTC","gg","https://trends.google.com/trends/explore?q=gg&geo=UA&hl=en"
"нпз","100+","January 29, 2025 at 4:40:00 PM UTC","January 29, 2025 at 5:10:00 PM UTC","нпз","https://trends.google.com/trends/explore?q=%D0%BD%D0%BF%D0%B7&geo=UA&hl=en"
"монца – верона","100+","February 1, 2025 at 2:30:00 PM UTC","February 1, 2025 at 2:50:00 PM UTC","монца – верона","https://trends.google.com/trends/explore?q=%D0%BC%D0%BE%D0%BD%D1%86%D0%B0%20%E2%80%93%20%D0%B2%D0%B5%D1%80%D0%BE%D0%BD%D0%B0&geo=UA&hl=en"
"нхл","100+","January 29, 2025 at 4:00:00 AM UTC","January 29, 2025 at 5:40:00 AM UTC","нхл","https://trends.google.com/trends/explore?q=%D0%BD%D1%85%D0%BB&geo=UA&hl=en"
"weather","100+","January 30, 2025 at 5:00:00 AM UTC","January 30, 2025 at 6:00:00 AM UTC","weather","https://trends.google.com/trends/explore?q=weather&geo=UA&hl=en"
"брікс","100+","January 31, 2025 at 8:00:00 AM UTC","January 31, 2025 at 8:20:00 AM UTC","брікс","https://trends.google.com/trends/explore?q=%D0%B1%D1%80%D1%96%D0%BA%D1%81&geo=UA&hl=en"
"украинская правда","100+","January 31, 2025 at 4:00:00 AM UTC","January 31, 2025 at 4:40:00 AM UTC","украинская правда,укр правда","https://trends.google.com/trends/explore?q=%D1%83%D0%BA%D1%80%D0%B0%D0%B8%D0%BD%D1%81%D0%BA%D0%B0%D1%8F%20%D0%BF%D1%80%D0%B0%D0%B2%D0%B4%D0%B0&geo=UA&hl=en"
"погода вінниця","200+","January 29, 2025 at 5:00:00 AM UTC","January 29, 2025 at 5:30:00 AM UTC","погода вінниця","https://trends.google.com/trends/explore?q=%D0%BF%D0%BE%D0%B3%D0%BE%D0%B4%D0%B0%20%D0%B2%D1%96%D0%BD%D0%BD%D0%B8%D1%86%D1%8F&geo=UA&hl=en"
"gg","100+","January 29, 2025 at 2:20:00 AM UTC","January 29, 2025 at 3:10:00 AM UTC","gg","https://trends.google.com/trends/explore?q=gg&geo=UA&hl=en"
"погода чернівці","100+","January 29, 2025 at 4:50:00 AM UTC","January 29, 2025 at 5:20:00 AM UTC","погода чернівці","https://trends.google.com/trends/explore?q=%D0%BF%D0%BE%D0%B3%D0%BE%D0%B4%D0%B0%20%D1%87%D0%B5%D1%80%D0%BD%D1%96%D0%B2%D1%86%D1%96&geo=UA&hl=en"
"юа футбол","100+","January 29, 2025 at 9:30:00 PM UTC","January 29, 2025 at 9:50:00 PM UTC","юа футбол","https://trends.google.com/trends/explore?q=%D1%8E%D0%B0%20%D1%84%D1%83%D1%82%D0%B1%D0%BE%D0%BB&geo=UA&hl=en"
"google","100+","January 29, 2025 at 1:20:00 AM UTC","January 29, 2025 at 1:50:00 AM UTC","google","https://trends.google.com/trends/explore?q=google&geo=UA&hl=en"
"украинская правда","100+","January 29, 2025 at 4:10:00 AM UTC","January 29, 2025 at 4:50:00 AM UTC","украинская правда","https://trends.google.com/trends/explore?q=%D1%83%D0%BA%D1%80%D0%B0%D0%B8%D0%BD%D1%81%D0%BA%D0%B0%D1%8F%20%D0%BF%D1%80%D0%B0%D0%B2%D0%B4%D0%B0&geo=UA&hl=en"
"гороскоп","100+","January 29, 2025 at 4:20:00 AM UTC","January 29, 2025 at 5:00:00 AM UTC","гороскоп","https://trends.google.com/trends/explore?q=%D0%B3%D0%BE%D1%80%D0%BE%D1%81%D0%BA%D0%BE%D0%BF&geo=UA&hl=en"